VSG,cluster
TRINITY_DN13_c1_g1_i1_1_2_1480_RC_02S_1,Gambiense 152
TRINITY_DN45_c0_g1_i4_1_89_1487_RC_01S_2,Gambiense 400
TRINITY_DN66_c0_g2_i19_1_2_697_RC_02S_3,Gambiense 1067
TRINITY_DN17_c0_g1_i5_1_0_1070_RC_02S_2,Gambiense 862
TRINITY_DN0_c2_g1_i3_1_96_1500_RC_02S_1,Gambiense 379
TRINITY_DN80_c0_g1_i2_1_75_1514_02S_2,Gambiense 295
TRINITY_DN32_c0_g1_i13_1_5_1408_02S_3,Gambiense 381
TRINITY_DN276_c0_g1_i1_1_0_1133_RC_02S_2,Gambiense 818
TRINITY_DN90_c0_g1_i1_1_1_1162_RC_02S_1,Gambiense 774
TRINITY_DN31_c0_g1_i29_2_1759_3190_RC_02S_1,Gambiense 318
TRINITY_DN21_c0_g2_i13_1_38_1480_02S_1,Gambiense 281
TRINITY_DN3_c0_g4_i9_1_30_1023_RC_02S_1,Gambiense 925
TRINITY_DN77_c1_g1_i6_1_0_1400_RC_02S_2,Gambiense 395
TRINITY_DN21_c0_g1_i6_1_0_1041_RC_02S_3,Gambiense 882
TRINITY_DN94_c0_g1_i1_1_87_1443_02S_2,Gambiense 516
TRINITY_DN67_c0_g1_i7_1_1515_3003_02S_3,Gambiense 125
TRINITY_DN1_c1_g1_i1_1_52_1479_11S_2,Gambiense 331
TRINITY_DN266_c0_g1_i1_1_57_1467_RC_17S_3,Gambiense 331
TRINITY_DN57_c0_g1_i5_1_5_1457_RC_02S_1,Gambiense 242
TRINITY_DN29_c1_g1_i1_1_102_1530_02S_1,Gambiense 322
TRINITY_DN25_c0_g1_i3_1_67_1343_02S_1,Gambiense 651
TRINITY_DN7_c0_g1_i3_1_1644_3132_11S_3,Gambiense 131
TRINITY_DN233_c0_g1_i1_1_2_1008_RC_02S_1,Gambiense 912
TRINITY_DN293_c0_g1_i1_1_58_1409_02S_2,Gambiense 533
TRINITY_DN28_c0_g2_i2_1_298_955_02S_3,Gambiense 1075
TRINITY_DN41_c0_g1_i3_1_8_1532_02S_2,Gambiense 62
TRINITY_DN38_c0_g1_i6_1_64_1567_02S_1,Gambiense 93
TRINITY_DN255_c0_g1_i1_1_13_1265_02S_3,Gambiense 686
TRINITY_DN66_c0_g1_i1_1_26_1481_11S_1,Gambiense 235
TRINITY_DN3_c0_g2_i15_1_79_1219_02S_1,Gambiense 813
TRINITY_DN27_c0_g2_i16_1_2_896_RC_02S_3,Gambiense 1025
TRINITY_DN0_c2_g2_i1_1_96_1467_RC_02S_1,Gambiense 472
TRINITY_DN47_c0_g2_i1_1_39_1497_02S_2,Gambiense 221
TRINITY_DN237_c0_g1_i1_1_2_874_RC_02S_3,Gambiense 1031
TRINITY_DN99_c0_g1_i7_1_92_1470_02S_3,Gambiense 464
TRINITY_DN47_c0_g1_i47_1_39_1497_02S_2,Gambiense 219
TRINITY_DN83_c0_g1_i2_1_176_1102_02S_2,Gambiense 988
TRINITY_DN41_c0_g3_i1_1_0_687_RC_02S_1,Gambiense 1070
TRINITY_DN15_c0_g1_i31_1_83_1357_02S_2,Gambiense 658
TRINITY_DN115_c0_g2_i1_1_0_1188_RC_02S_1,Gambiense 744
TRINITY_DN101_c0_g1_i5_1_113_1513_02S_1,Gambiense 392
TRINITY_DN66_c0_g2_i26_1_2_697_RC_02S_3,Gambiense 1069
TRINITY_DN124_c0_g1_i1_1_1_1286_RC_02S_3,Gambiense 646
TRINITY_DN51_c0_g2_i1_1_1_1182_RC_02S_3,Gambiense 756
TRINITY_DN78_c0_g1_i3_1_231_1385_02S_1,Gambiense 792
TRINITY_DN50_c0_g2_i1_1_188_1007_02S_2,Gambiense 1049
TRINITY_DN43_c0_g1_i1_1_66_1357_02S_1,Gambiense 634
TRINITY_DN10_c0_g1_i1_1_0_1349_RC_02S_3,Gambiense 538
TRINITY_DN66_c1_g1_i1_1_0_1424_RC_02S_3,Gambiense 335
TRINITY_DN0_c0_g1_i1_1_155_1814_29S_1,Gambiense 4
TRINITY_DN95_c0_g1_i27_1_7_1426_02S_2,Gambiense 345
TRINITY_DN70_c0_g1_i4_1_8_1367_RC_02S_2,Gambiense 502
TRINITY_DN7_c0_g1_i1_2_944_2453_RC_01S_3,Gambiense 80
TRINITY_DN12_c0_g1_i9_1_93_1590_02S_3,Gambiense 103
TRINITY_DN12_c0_g1_i2_1_1_1460_RC_02S_1,Gambiense 210
TRINITY_DN2_c0_g2_i19_1_2_1085_02S_1,Gambiense 854
TRINITY_DN12_c0_g1_i25_1_1_1208_RC_02S_1,Gambiense 727
TRINITY_DN92_c0_g1_i7_1_1_1341_RC_02S_1,Gambiense 567
TRINITY_DN35_c0_g1_i1_1_114_1605_02S_1,Gambiense 113
TRINITY_DN111_c0_g1_i6_1_2_1159_RC_02S_3,Gambiense 789
TRINITY_DN23_c0_g2_i2_1_0_1329_RC_02S_2,Gambiense 577
TRINITY_DN35_c0_g1_i17_1_0_516_RC_02S_3,Gambiense 1095
TRINITY_DN60_c0_g1_i4_1_168_1014_02S_3,Gambiense 1038
TRINITY_DN110_c0_g1_i6_1_0_835_RC_02S_2,Gambiense 1040
TRINITY_DN52_c0_g1_i4_1_0_1228_RC_02S_1,Gambiense 716
TRINITY_DN93_c2_g1_i1_1_1_959_RC_02S_3,Gambiense 962
TRINITY_DN102_c0_g1_i2_1_280_1504_02S_2,Gambiense 720
TRINITY_DN83_c0_g1_i7_1_2_1359_RC_02S_3,Gambiense 509
TRINITY_DN102_c0_g1_i2_1_1_1395_RC_02S_1,Gambiense 417
TRINITY_DN40_c0_g1_i9_1_642_1590_RC_02S_3,Gambiense 972
TRINITY_DN10_c0_g1_i37_1_87_1286_02S_1,Gambiense 736
TRINITY_DN43_c0_g1_i16_1_293_1850_02S_2,Gambiense 33
TRINITY_DN83_c0_g1_i5_1_1_1347_RC_02S_3,Gambiense 550
TRINITY_DN173_c0_g1_i1_1_32_1538_12S_3,Gambiense 89
TRINITY_DN25_c0_g1_i1_1_105_1343_02S_1,Gambiense 702
TRINITY_DN35_c0_g1_i9_1_114_1689_02S_1,Gambiense 23
TRINITY_DN80_c0_g1_i7_1_0_986_RC_02S_1,Gambiense 933
TRINITY_DN67_c1_g2_i5_1_0_1255_RC_02S_2,Gambiense 676
TRINITY_DN61_c0_g1_i5_1_83_1350_02S_3,Gambiense 664
TRINITY_DN98_c0_g1_i4_1_0_1418_RC_02S_3,Gambiense 349
TRINITY_DN128_c0_g1_i1_1_38_1496_02S_1,Gambiense 217
TRINITY_DN70_c0_g1_i9_1_0_1247_RC_02S_2,Gambiense 690
TRINITY_DN111_c0_g2_i1_1_55_1141_02S_1,Gambiense 852
TRINITY_DN32_c0_g1_i17_1_39_1430_02S_1,Gambiense 431
TRINITY_DN2_c0_g1_i35_1_1_1492_02S_2,Gambiense 114
TRINITY_DN12_c0_g1_i6_1_1_1461_RC_02S_1,Gambiense 207
TRINITY_DN95_c0_g1_i31_1_7_1423_02S_2,Gambiense 353
TRINITY_DN3_c0_g4_i27_1_30_1023_RC_02S_1,Gambiense 926
TRINITY_DN112_c0_g1_i4_1_2_1445_RC_02S_3,Gambiense 277
TRINITY_DN40_c0_g1_i34_1_103_1577_02S_1,Gambiense 162
TRINITY_DN42_c0_g1_i1_1_11_1235_RC_02S_1,Gambiense 718
TRINITY_DN289_c0_g1_i1_1_2_1026_RC_02S_1,Gambiense 895
TRINITY_DN44_c0_g1_i1_1_0_1471_RC_11S_3,Gambiense 178
TRINITY_DN3_c0_g1_i17_1_30_978_RC_02S_1,Gambiense 968
TRINITY_DN88_c0_g1_i1_1_71_1367_11S_2,Gambiense 624
TRINITY_DN48_c0_g1_i7_1_0_1366_RC_02S_1,Gambiense 491
TRINITY_DN71_c0_g2_i1_1_222_1234_02S_3,Gambiense 905
TRINITY_DN69_c0_g2_i2_1_108_1505_02S_2,Gambiense 407
TRINITY_DN20_c0_g3_i3_1_5_1580_RC_02S_2,Gambiense 24
TRINITY_DN111_c0_g1_i4_1_108_1475_02S_2,Gambiense 485
TRINITY_DN31_c0_g1_i1_1_0_922_RC_02S_2,Gambiense 992
TRINITY_DN285_c0_g1_i1_1_151_1130_02S_2,Gambiense 943
TRINITY_DN42_c0_g1_i1_1_181_1414_RC_30S_1,Gambiense 708
TRINITY_DN118_c0_g1_i1_1_52_1593_02S_1,Gambiense 52
TRINITY_DN24_c0_g1_i10_1_0_1463_RC_02S_2,Gambiense 198
TRINITY_DN65_c0_g1_i4_1_57_1446_RC_02S_2,Gambiense 438
TRINITY_DN215_c0_g1_i1_1_98_1108_02S_2,Gambiense 907
TRINITY_DN200_c0_g1_i1_1_36_1005_02S_1,Gambiense 953
TRINITY_DN95_c0_g1_i20_1_27_1419_02S_2,Gambiense 426
TRINITY_DN2_c0_g1_i6_1_2_1547_RC_02S_3,Gambiense 48
TRINITY_DN274_c0_g1_i1_1_2_1152_RC_02S_1,Gambiense 800
TRINITY_DN169_c0_g1_i1_1_971_1201_02S_1,Gambiense 1107
TRINITY_DN103_c0_g1_i35_1_40_1348_02S_2,Gambiense 608
TRINITY_DN10_c0_g1_i4_1_1_1349_RC_02S_3,Gambiense 545
TRINITY_DN22_c0_g1_i30_1_132_1512_02S_2,Gambiense 454
TRINITY_DN12_c0_g1_i4_1_57_1530_11S_2,Gambiense 171
TRINITY_DN66_c0_g1_i36_1_95_1508_02S_2,Gambiense 358
TRINITY_DN12_c0_g2_i22_1_87_1408_02S_1,Gambiense 586
TRINITY_DN26_c0_g1_i14_1_52_1531_RC_02S_2,Gambiense 149
TRINITY_DN27_c0_g1_i1_1_78_1441_11S_2,Gambiense 498
TRINITY_DN80_c0_g1_i5_1_0_1152_RC_02S_3,Gambiense 798
TRINITY_DN86_c0_g1_i1_1_0_1413_RC_02S_3,Gambiense 362
TRINITY_DN44_c0_g1_i8_1_144_1611_02S_2,Gambiense 185
TRINITY_DN66_c0_g4_i3_1_2_1410_RC_02S_2,Gambiense 374
TRINITY_DN29_c0_g1_i38_1_5_1439_RC_02S_2,Gambiense 307
TRINITY_DN44_c0_g1_i1_1_142_1606_02S_2,Gambiense 191
TRINITY_DN70_c0_g1_i3_1_8_1457_RC_02S_2,Gambiense 261
TRINITY_DN297_c0_g1_i1_1_111_1480_02S_2,Gambiense 482
TRINITY_DN31_c0_g1_i6_2_1759_3190_RC_02S_1,Gambiense 317
TRINITY_DN60_c0_g1_i2_1_52_1657_02S_2,Gambiense 14
TRINITY_DN86_c0_g1_i4_1_0_1403_RC_02S_3,Gambiense 382
TRINITY_DN13_c0_g5_i1_1_55_1606_02S_1,Gambiense 41
TRINITY_DN105_c0_g1_i2_1_35_1349_02S_3,Gambiense 601
TRINITY_DN44_c2_g1_i1_1_226_1344_02S_2,Gambiense 831
TRINITY_DN53_c0_g1_i4_1_344_1295_RC_02S_1,Gambiense 965
TRINITY_DN75_c0_g1_i4_1_6_1005_RC_02S_3,Gambiense 917
TRINITY_DN76_c1_g2_i1_1_0_1343_RC_02S_3,Gambiense 560
TRINITY_DN3_c0_g1_i1_1_132_1641_01S_2,Gambiense 79
TRINITY_DN23_c0_g2_i29_1_98_1509_02S_3,Gambiense 369
TRINITY_DN23_c1_g1_i17_1_1_1126_02S_3,Gambiense 825
TRINITY_DN53_c0_g1_i13_1_2_1009_RC_02S_3,Gambiense 910
TRINITY_DN56_c0_g1_i2_1_2_1065_RC_02S_1,Gambiense 870
TRINITY_DN61_c0_g1_i1_1_8_1324_02S_2,Gambiense 596
TRINITY_DN31_c0_g1_i2_1_1074_2546_01S_3,Gambiense 176
TRINITY_DN27_c0_g1_i18_1_70_981_02S_3,Gambiense 1010
TRINITY_DN22_c1_g1_i9_1_13_1173_02S_3,Gambiense 777
TRINITY_DN10_c0_g2_i5_1_93_1262_02S_3,Gambiense 766
TRINITY_DN26_c0_g1_i1_1_23_1508_23S_1,Gambiense 140
TRINITY_DN188_c0_g1_i1_1_0_1399_RC_02S_2,Gambiense 398
TRINITY_DN0_c0_g2_i10_1_90_1254_RC_13S_3,Gambiense 770
TRINITY_DN38_c0_g2_i1_1_74_1550_02S_1,Gambiense 156
TRINITY_DN208_c0_g1_i1_1_85_1440_02S_2,Gambiense 520
TRINITY_DN4_c0_g7_i3_1_99_1587_02S_2,Gambiense 121
TRINITY_DN4_c2_g1_i5_1_244_1480_02S_2,Gambiense 706
TRINITY_DN2_c0_g2_i1_1_91_1531_11S_1,Gambiense 291
TRINITY_DN92_c0_g1_i9_1_1_1341_RC_02S_1,Gambiense 569
TRINITY_DN56_c0_g1_i1_1_95_1544_29S_1,Gambiense 266
TRINITY_DN37_c0_g2_i1_1_32_1578_11S_2,Gambiense 46
TRINITY_DN17_c0_g1_i6_1_2_1188_RC_02S_1,Gambiense 749
TRINITY_DN74_c0_g1_i1_1_108_1593_01S_3,Gambiense 135
TRINITY_DN82_c0_g1_i1_1_1_499_RC_11S_3,Gambiense 1099
TRINITY_DN29_c2_g1_i1_1_0_1450_RC_02S_1,Gambiense 250
TRINITY_DN4_c0_g5_i29_1_2_1520_RC_02S_2,Gambiense 70
TRINITY_DN12_c0_g1_i19_1_57_1299_11S_2,Gambiense 694
TRINITY_DN4_c0_g1_i5_1_47_1499_RC_02S_3,Gambiense 246
TRINITY_DN75_c0_g1_i5_1_593_1700_02S_2,Gambiense 838
TRINITY_DN54_c0_g1_i10_1_5_1392_02S_2,Gambiense 444
TRINITY_DN116_c0_g3_i1_1_63_1056_02S_2,Gambiense 927
TRINITY_DN41_c0_g2_i1_1_1_1457_RC_02S_3,Gambiense 231
TRINITY_DN5_c0_g1_i4_1_35_1556_02S_3,Gambiense 66
TRINITY_DN147_c0_g1_i1_1_255_1012_02S_2,Gambiense 1058
TRINITY_DN12_c0_g3_i2_1_83_1387_02S_1,Gambiense 616
TRINITY_DN74_c0_g1_i14_1_173_1570_02S_3,Gambiense 410
TRINITY_DN14_c0_g1_i4_1_78_1449_02S_2,Gambiense 476
TRINITY_DN68_c0_g1_i7_1_3_1460_02S_2,Gambiense 225
TRINITY_DN79_c0_g1_i3_1_204_939_02S_2,Gambiense 1062
TRINITY_DN77_c0_g1_i7_1_4_910_02S_1,Gambiense 1019
TRINITY_DN21_c0_g1_i18_1_0_1065_RC_02S_3,Gambiense 867
TRINITY_DN22_c0_g1_i43_1_14_1451_02S_2,Gambiense 298
TRINITY_DN3_c0_g3_i28_1_79_1212_02S_1,Gambiense 817
TRINITY_DN179_c0_g1_i2_1_0_1403_RC_02S_3,Gambiense 384
TRINITY_DN6_c0_g1_i4_1_63_1503_02S_2,Gambiense 286
TRINITY_DN22_c0_g1_i9_1_132_1326_02S_2,Gambiense 740
TRINITY_DN77_c1_g1_i15_1_0_1400_RC_02S_2,Gambiense 396
TRINITY_DN4_c0_g1_i1_1_83_1457_02S_1,Gambiense 468
TRINITY_DN28_c0_g1_i1_1_43_1417_23S_3,Gambiense 468
TRINITY_DN11_c0_g3_i8_1_11_1439_RC_02S_3,Gambiense 325
TRINITY_DN22_c1_g1_i72_1_13_1173_02S_3,Gambiense 780
TRINITY_DN23_c1_g1_i25_1_11_1049_RC_02S_3,Gambiense 886
TRINITY_DN95_c0_g1_i18_1_2_1317_RC_02S_1,Gambiense 598
TRINITY_DN7_c0_g1_i18_1_11_1499_RC_11S_3,Gambiense 132
TRINITY_DN253_c0_g1_i1_1_48_1323_02S_1,Gambiense 654
TRINITY_DN210_c0_g1_i1_1_185_1535_02S_1,Gambiense 534
TRINITY_DN0_c1_g1_i1_1_2_1457_RC_17S_1,Gambiense 238
TRINITY_DN36_c0_g1_i2_1_0_1286_RC_02S_3,Gambiense 642
TRINITY_DN103_c0_g1_i15_1_40_1284_02S_2,Gambiense 693
TRINITY_DN267_c0_g1_i1_1_2_1505_RC_02S_3,Gambiense 96
TRINITY_DN126_c0_g1_i1_1_82_1440_02S_1,Gambiense 506
TRINITY_DN18_c0_g1_i9_1_1292_3012_02S_2,Gambiense 0
TRINITY_DN3_c0_g3_i50_1_79_1219_02S_1,Gambiense 814
TRINITY_DN188_c0_g1_i1_1_1_1253_RC_02S_1,Gambiense 683
TRINITY_DN11_c0_g1_i4_1_41_1550_RC_11S_2,Gambiense 84
TRINITY_DN205_c0_g1_i1_1_32_1490_02S_3,Gambiense 222
TRINITY_DN31_c0_g1_i35_1_0_859_RC_02S_2,Gambiense 1036
TRINITY_DN7_c0_g1_i8_1_2_1380_RC_02S_1,Gambiense 461
TRINITY_DN53_c0_g2_i1_1_400_1232_02S_2,Gambiense 1044
TRINITY_DN64_c0_g1_i1_1_72_999_RC_01S_1,Gambiense 987
TRINITY_DN10_c0_g2_i2_1_0_1230_RC_02S_2,Gambiense 712
TRINITY_DN22_c0_g1_i2_1_0_1012_RC_02S_1,Gambiense 904
TRINITY_DN49_c0_g1_i4_1_2_1344_RC_02S_2,Gambiense 563
TRINITY_DN23_c1_g1_i21_1_11_1049_RC_02S_3,Gambiense 887
TRINITY_DN9_c0_g1_i1_1_108_1320_02S_1,Gambiense 724
TRINITY_DN61_c0_g1_i1_1_113_1325_11S_2,Gambiense 724
TRINITY_DN2_c0_g1_i1_1_113_1325_13S_2,Gambiense 724
TRINITY_DN99_c0_g1_i1_1_115_1327_17S_2,Gambiense 724
TRINITY_DN8_c0_g1_i34_1_2_1183_RC_02S_1,Gambiense 753
TRINITY_DN1_c0_g1_i15_1_187_1639_12S_2,Gambiense 248
TRINITY_DN70_c0_g3_i1_1_1_1293_RC_02S_1,Gambiense 633
TRINITY_DN35_c0_g1_i15_1_0_516_RC_02S_3,Gambiense 1096
TRINITY_DN67_c1_g1_i37_1_1_1501_RC_02S_2,Gambiense 99
TRINITY_DN249_c0_g1_i1_1_1_1165_RC_02S_1,Gambiense 769
TRINITY_DN8_c0_g3_i21_1_20_1004_02S_1,Gambiense 937
TRINITY_DN14_c0_g1_i1_1_0_1258_RC_02S_1,Gambiense 672
TRINITY_DN17_c0_g1_i1_1_1433_2856_11S_3,Gambiense 340
TRINITY_DN123_c0_g1_i5_1_0_1262_RC_02S_2,Gambiense 668
TRINITY_DN85_c0_g1_i33_1_46_1204_02S_3,Gambiense 784
TRINITY_DN35_c0_g1_i17_1_114_1573_02S_1,Gambiense 213
TRINITY_DN22_c0_g2_i19_1_77_1572_02S_1,Gambiense 106
TRINITY_DN56_c0_g2_i1_1_69_1563_02S_2,Gambiense 110
TRINITY_DN58_c0_g1_i17_1_40_1501_RC_02S_3,Gambiense 203
TRINITY_DN304_c0_g1_i1_1_443_1060_02S_3,Gambiense 1084
TRINITY_DN148_c0_g1_i1_1_1_1017_RC_02S_3,Gambiense 901
TRINITY_DN52_c0_g1_i4_1_388_1194_02S_3,Gambiense 1050
TRINITY_DN0_c0_g1_i28_1_37_1381_02S_3,Gambiense 559
TRINITY_DN67_c0_g1_i1_1_78_1415_02S_1,Gambiense 570
TRINITY_DN31_c0_g1_i12_1_100_1573_02S_1,Gambiense 166
TRINITY_DN21_c0_g1_i50_1_0_933_RC_02S_3,Gambiense 983
TRINITY_DN83_c0_g1_i20_1_2_1359_RC_02S_3,Gambiense 511
TRINITY_DN231_c0_g1_i1_1_108_1312_02S_1,Gambiense 729
TRINITY_DN86_c1_g1_i1_1_0_554_RC_02S_1,Gambiense 1089
TRINITY_DN106_c0_g1_i7_1_1_467_RC_02S_1,Gambiense 1101
TRINITY_DN58_c0_g1_i13_1_89_1302_02S_2,Gambiense 723
TRINITY_DN104_c0_g1_i1_1_2_958_RC_02S_3,Gambiense 963
TRINITY_DN197_c0_g1_i1_1_0_443_RC_02S_2,Gambiense 1105
TRINITY_DN87_c0_g1_i2_1_5_1559_02S_1,Gambiense 36
TRINITY_DN56_c0_g1_i1_1_1_1356_RC_11S_3,Gambiense 522
TRINITY_DN123_c0_g1_i1_1_0_939_RC_02S_1,Gambiense 977
TRINITY_DN77_c1_g1_i31_1_0_1202_RC_02S_2,Gambiense 733
TRINITY_DN41_c0_g1_i6_1_55_1029_02S_2,Gambiense 947
TRINITY_DN109_c0_g1_i2_1_0_1303_RC_02S_2,Gambiense 620
TRINITY_DN142_c0_g1_i1_1_1_1592_RC_02S_2,Gambiense 20
TRINITY_DN88_c2_g1_i1_1_82_1338_02S_3,Gambiense 675
TRINITY_DN0_c0_g1_i19_2_1685_4628_11S_3-2,Gambiense 119
TRINITY_DN59_c0_g3_i57_1_80_1108_02S_2,Gambiense 892
TRINITY_DN2_c0_g3_i6_1_59_1589_02S_1,Gambiense 56
TRINITY_DN185_c0_g1_i1_1_0_1273_RC_02S_1,Gambiense 661
TRINITY_DN84_c0_g2_i1_1_63_1151_02S_2,Gambiense 851
TRINITY_DN75_c0_g1_i6_1_2_1594_RC_02S_2,Gambiense 19
TRINITY_DN5_c0_g1_i1_1_90_1551_11S_1,Gambiense 204
TRINITY_DN264_c0_g1_i1_1_52_1442_02S_1,Gambiense 434
TRINITY_DN282_c0_g1_i1_1_103_1518_02S_1,Gambiense 354
TRINITY_DN75_c0_g1_i5_1_6_1047_RC_02S_3,Gambiense 881
TRINITY_DN83_c0_g1_i4_1_2_1102_02S_2,Gambiense 845
TRINITY_DN27_c0_g2_i32_1_1_1394_RC_02S_3,Gambiense 422
TRINITY_DN22_c1_g1_i5_1_13_1173_02S_3,Gambiense 778
TRINITY_DN21_c0_g2_i12_1_5_1480_02S_1,Gambiense 161
TRINITY_DN78_c0_g1_i1_1_2_1449_RC_11S_2,Gambiense 272
TRINITY_DN30_c0_g1_i2_1_113_1524_02S_1,Gambiense 366
TRINITY_DN10_c0_g1_i15_1_0_1349_RC_02S_3,Gambiense 541
TRINITY_DN12_c0_g1_i66_1_93_1091_02S_3,Gambiense 920
TRINITY_DN23_c1_g1_i37_1_11_1049_RC_02S_3,Gambiense 888
TRINITY_DN59_c0_g2_i5_1_51_1080_02S_2,Gambiense 891
TRINITY_DN275_c0_g1_i1_1_1_1157_RC_02S_1,Gambiense 790
TRINITY_DN15_c0_g1_i2_1_107_1472_RC_02S_1,Gambiense 494
TRINITY_DN300_c0_g1_i1_1_78_1645_02S_2,Gambiense 29
TRINITY_DN243_c0_g1_i1_1_0_1307_RC_02S_2,Gambiense 611
TRINITY_DN111_c0_g1_i5_1_109_1476_02S_2,Gambiense 486
TRINITY_DN68_c0_g1_i1_1_256_1229_11S_3,Gambiense 948
TRINITY_DN35_c0_g1_i4_1_114_1582_02S_1,Gambiense 181
TRINITY_DN84_c0_g1_i1_1_0_990_RC_02S_1,Gambiense 929
TRINITY_DN15_c0_g3_i2_1_0_920_RC_02S_3,Gambiense 997
TRINITY_DN11_c0_g5_i1_1_11_1553_RC_02S_3,Gambiense 51
TRINITY_DN26_c0_g3_i2_1_54_1038_02S_1,Gambiense 939
TRINITY_DN81_c0_g1_i1_1_174_1609_02S_2,Gambiense 303
TRINITY_DN250_c0_g1_i1_1_117_1053_02S_3,Gambiense 980
TRINITY_DN93_c0_g1_i33_1_1318_2936_02S_3,Gambiense 10
TRINITY_DN137_c0_g1_i1_1_0_1017_02S_3,Gambiense 898
TRINITY_DN26_c0_g2_i1_1_40_1024_02S_1,Gambiense 938
TRINITY_DN207_c0_g1_i1_1_1390_2712_02S_2,Gambiense 584
TRINITY_DN11_c0_g6_i1_1_11_1484_RC_02S_3,Gambiense 168
TRINITY_DN204_c0_g1_i1_2_1_1146_RC_02S_2,Gambiense 805
TRINITY_DN2_c0_g2_i13_1_145_1525_02S_1,Gambiense 453
TRINITY_DN12_c0_g1_i20_1_57_1530_11S_2,Gambiense 172
TRINITY_DN2_c0_g4_i1_1_409_1522_RC_02S_3,Gambiense 835
TRINITY_DN100_c0_g2_i1_1_81_1184_02S_2,Gambiense 842
TRINITY_DN5_c0_g2_i33_1_96_1440_02S_3,Gambiense 556
TRINITY_DN74_c0_g1_i2_1_173_1346_02S_3,Gambiense 762
TRINITY_DN9_c0_g1_i3_2_83_1565_RC_11S_2,Gambiense 144
TRINITY_DN9_c0_g1_i13_1_0_1513_RC_02S_2,Gambiense 76
TRINITY_DN43_c0_g1_i4_1_1_913_RC_02S_3,Gambiense 1006
TRINITY_DN74_c0_g1_i34_1_173_1570_02S_3,Gambiense 408
TRINITY_DN48_c0_g1_i4_1_8_1361_RC_02S_2,Gambiense 524
TRINITY_DN15_c0_g1_i4_1_1_920_RC_02S_3,Gambiense 998
TRINITY_DN8_c0_g1_i6_1_121_1531_02S_3,Gambiense 371
TRINITY_DN64_c0_g1_i6_1_2_1163_RC_02S_2,Gambiense 775
TRINITY_DN12_c0_g2_i19_1_87_1550_02S_1,Gambiense 196
TRINITY_DN75_c0_g1_i1_1_68_1595_RC_11S_2,Gambiense 58
TRINITY_DN90_c0_g1_i1_1_38_1001_RC_01S_1,Gambiense 959
TRINITY_DN67_c0_g1_i7_2_48_1482_RC_02S_3,Gambiense 310
TRINITY_DN25_c0_g1_i31_1_0_1173_02S_3,Gambiense 761
TRINITY_DN246_c0_g1_i4_1_508_1175_02S_3,Gambiense 1073
TRINITY_DN93_c0_g2_i10_1_2_1452_RC_02S_3,Gambiense 254
TRINITY_DN17_c0_g3_i3_1_32_1583_02S_3,Gambiense 42
TRINITY_DN15_c0_g1_i35_1_83_1357_02S_2,Gambiense 655
TRINITY_DN1_c0_g1_i1_1_64_1579_RC_29S_1,Gambiense 74
TRINITY_DN7_c0_g1_i14_1_11_974_RC_11S_3,Gambiense 960
TRINITY_DN222_c0_g1_i1_1_0_1323_RC_02S_2,Gambiense 583
TRINITY_DN108_c0_g1_i1_1_79_1564_11S_3,Gambiense 139
TRINITY_DN59_c0_g3_i9_1_80_1208_02S_2,Gambiense 822
TRINITY_DN289_c0_g1_i1_1_414_1184_02S_2,Gambiense 1054
TRINITY_DN51_c0_g1_i13_1_1_1056_RC_02S_3,Gambiense 873
TRINITY_DN12_c0_g1_i23_1_0_911_RC_02S_1,Gambiense 1009
TRINITY_DN298_c0_g1_i1_1_83_1403_02S_3,Gambiense 591
TRINITY_DN23_c0_g1_i1_1_2_712_RC_02S_1,Gambiense 1066
TRINITY_DN3_c0_g2_i8_1_79_1145_02S_1,Gambiense 863
TRINITY_DN240_c0_g1_i1_1_11_1400_02S_3,Gambiense 440
TRINITY_DN149_c0_g1_i1_1_97_1579_02S_1,Gambiense 143
TRINITY_DN59_c0_g1_i1_1_80_1481_02S_2,Gambiense 388
TRINITY_DN32_c0_g1_i8_1_5_1408_02S_3,Gambiense 380
TRINITY_DN20_c0_g2_i2_1_2_1358_RC_02S_2,Gambiense 514
TRINITY_DN51_c0_g1_i4_1_1_1478_RC_02S_1,Gambiense 153
TRINITY_DN134_c0_g1_i1_1_227_1068_02S_2,Gambiense 1039
TRINITY_DN4_c2_g1_i2_1_244_1480_02S_2,Gambiense 705
TRINITY_DN26_c0_g1_i23_1_2_633_RC_02S_2,Gambiense 1081
TRINITY_DN23_c1_g1_i9_1_11_1049_RC_02S_3,Gambiense 885
TRINITY_DN67_c0_g1_i6_1_1476_2964_02S_3,Gambiense 124
TRINITY_DN17_c0_g1_i5_1_1453_2893_11S_3,Gambiense 294
TRINITY_DN130_c0_g1_i2_1_1_644_RC_02S_2,Gambiense 1079
TRINITY_DN95_c0_g1_i1_1_84_1569_01S_3,Gambiense 136
TRINITY_DN104_c0_g2_i1_1_88_1488_02S_1,Gambiense 391
TRINITY_DN50_c0_g1_i1_1_69_1511_11S_3,Gambiense 282
TRINITY_DN2_c3_g1_i12_1_78_1528_02S_2,Gambiense 253
TRINITY_DN36_c0_g1_i1_1_60_1491_11S_1,Gambiense 319
TRINITY_DN47_c0_g1_i1_1_85_2950_13S_2,Gambiense 319
TRINITY_DN5_c0_g1_i7_1_35_1552_02S_3,Gambiense 73
TRINITY_DN250_c0_g1_i1_1_2_1242_RC_02S_1,Gambiense 697
TRINITY_DN70_c0_g1_i1_1_2_1160_RC_11S_1,Gambiense 786
TRINITY_DN0_c0_g1_i4_1_373_1801_RC_02S_1,Gambiense 321
TRINITY_DN57_c0_g1_i6_1_5_1457_RC_02S_1,Gambiense 243
TRINITY_DN75_c0_g1_i2_1_6_1530_RC_02S_3,Gambiense 63
TRINITY_DN4_c2_g1_i1_1_1_1018_02S_3,Gambiense 897
TRINITY_DN104_c1_g1_i1_1_0_1250_RC_02S_3,Gambiense 687
TRINITY_DN245_c0_g1_i1_1_1_1506_RC_02S_3,Gambiense 92
TRINITY_DN0_c1_g2_i1_1_46_1501_RC_11S_1,Gambiense 234
TRINITY_DN28_c0_g1_i12_1_140_1163_02S_3,Gambiense 896
TRINITY_DN92_c0_g1_i1_1_13_1384_01S_1,Gambiense 471
TRINITY_DN68_c0_g1_i9_1_3_1460_02S_2,Gambiense 226
TRINITY_DN51_c0_g1_i14_1_1_1067_RC_02S_3,Gambiense 864
TRINITY_DN51_c0_g3_i10_1_0_1377_RC_02S_3,Gambiense 465
TRINITY_DN2_c0_g2_i4_1_71_1529_02S_2,Gambiense 218
TRINITY_DN53_c0_g3_i1_1_348_1032_02S_2,Gambiense 1071
TRINITY_DN27_c0_g2_i55_1_2_896_RC_02S_3,Gambiense 1024
TRINITY_DN3_c0_g2_i10_1_79_1219_02S_1,Gambiense 812
TRINITY_DN26_c0_g1_i6_1_54_1241_02S_1,Gambiense 747
TRINITY_DN271_c0_g1_i1_1_0_1002_RC_02S_3,Gambiense 915
TRINITY_DN101_c0_g1_i1_1_371_1771_02S_1,Gambiense 393
TRINITY_DN58_c0_g1_i17_1_79_1259_02S_2,Gambiense 757
TRINITY_DN16_c0_g1_i1_1_8_1025_11S_1,Gambiense 899
TRINITY_DN36_c0_g1_i8_1_2_1322_RC_02S_2,Gambiense 588
TRINITY_DN15_c0_g2_i13_1_1_830_RC_02S_3,Gambiense 1048
TRINITY_DN15_c0_g1_i37_1_187_1461_02S_2,Gambiense 657
TRINITY_DN59_c0_g1_i4_1_161_1584_02S_1,Gambiense 336
TRINITY_DN11_c0_g1_i18_1_103_1474_02S_2,Gambiense 474
TRINITY_DN75_c0_g2_i2_1_76_1510_02S_1,Gambiense 305
TRINITY_DN241_c0_g2_i1_1_65_1347_02S_2,Gambiense 647
TRINITY_DN36_c0_g1_i5_1_2_1363_RC_02S_2,Gambiense 501
TRINITY_DN82_c0_g1_i5_1_2_1659_RC_02S_3,Gambiense 5
TRINITY_DN29_c0_g1_i5_1_1_1290_RC_02S_2,Gambiense 637
TRINITY_DN6_c1_g1_i1_1_0_1427_RC_11S_1,Gambiense 330
TRINITY_DN104_c0_g1_i1_1_0_1254_RC_02S_2,Gambiense 680
TRINITY_DN59_c0_g3_i73_1_80_1478_02S_2,Gambiense 403
TRINITY_DN2_c0_g1_i18_1_88_1597_11S_1,Gambiense 81
TRINITY_DN20_c0_g3_i7_1_31_1528_RC_02S_2,Gambiense 102
TRINITY_DN129_c0_g1_i1_1_315_1057_02S_3,Gambiense 1060
TRINITY_DN47_c0_g1_i1_1_0_640_RC_02S_3,Gambiense 1080
TRINITY_DN36_c0_g1_i19_1_2_1322_RC_02S_2,Gambiense 587
TRINITY_DN34_c0_g2_i1_1_14_1171_02S_3,Gambiense 788
TRINITY_DN3_c0_g3_i13_1_79_911_02S_1,Gambiense 1043
TRINITY_DN41_c0_g1_i18_1_1_1227_RC_02S_1,Gambiense 717
TRINITY_DN92_c0_g1_i6_1_1_1341_RC_02S_1,Gambiense 566
TRINITY_DN125_c0_g1_i1_1_0_1186_RC_11S_1,Gambiense 751
TRINITY_DN242_c0_g1_i1_1_61_1342_02S_1,Gambiense 648
TRINITY_DN0_c0_g1_i14_1_94_1759_11S_2,Gambiense 3
TRINITY_DN58_c0_g1_i6_1_207_1539_02S_2,Gambiense 574
TRINITY_DN38_c0_g1_i1_1_581_1529_13S_2,Gambiense 973
TRINITY_DN174_c0_g1_i1_1_213_1437_02S_1,Gambiense 719
TRINITY_DN288_c0_g1_i1_1_65_1264_02S_2,Gambiense 737
TRINITY_DN272_c0_g1_i1_1_48_1296_02S_3,Gambiense 689
TRINITY_DN0_c0_g1_i1_1_94_1660_RC_03S_1,Gambiense 32
TRINITY_DN230_c0_g1_i1_1_0_990_RC_02S_2,Gambiense 930
TRINITY_DN6_c0_g1_i1_1_48_1308_11S_2,Gambiense 671
TRINITY_DN58_c0_g3_i2_1_0_1204_RC_02S_1,Gambiense 728
TRINITY_DN237_c0_g1_i1_1_16_1374_02S_2,Gambiense 508
TRINITY_DN208_c0_g1_i1_1_2_1160_RC_02S_1,Gambiense 783
TRINITY_DN12_c0_g1_i11_1_1_1265_RC_02S_1,Gambiense 665
TRINITY_DN56_c0_g1_i1_1_69_1563_01S_2,Gambiense 109
TRINITY_DN31_c0_g3_i1_1_69_1527_02S_1,Gambiense 216
TRINITY_DN51_c0_g1_i18_1_1_1057_RC_02S_3,Gambiense 872
TRINITY_DN29_c0_g2_i8_1_89_1550_02S_1,Gambiense 200
TRINITY_DN32_c0_g1_i18_1_39_1430_02S_1,Gambiense 430
TRINITY_DN2_c0_g2_i22_1_2_1493_RC_02S_3,Gambiense 115
TRINITY_DN69_c0_g1_i2_1_63_1536_02S_1,Gambiense 165
TRINITY_DN103_c1_g1_i8_1_54_1497_02S_2,Gambiense 276
TRINITY_DN70_c0_g1_i25_1_1_531_RC_02S_2,Gambiense 1093
TRINITY_DN251_c0_g1_i1_1_2_663_RC_02S_2,Gambiense 1074
TRINITY_DN283_c0_g1_i1_1_54_1524_02S_3,Gambiense 179
TRINITY_DN219_c0_g1_i1_1_42_1460_02S_3,Gambiense 350
TRINITY_DN20_c0_g1_i50_1_34_1032_02S_1,Gambiense 918
TRINITY_DN48_c0_g1_i4_1_0_1366_RC_02S_1,Gambiense 490
TRINITY_DN54_c0_g1_i1_1_1_1205_RC_11S_3,Gambiense 730
TRINITY_DN1_c0_g1_i1_1_109_1663_17S_1,Gambiense 39
TRINITY_DN28_c0_g1_i1_2_40_979_RC_02S_3,Gambiense 978
TRINITY_DN14_c0_g1_i2_1_1_1288_RC_02S_1,Gambiense 639
TRINITY_DN29_c0_g1_i4_1_96_1668_02S_1,Gambiense 25
TRINITY_DN35_c1_g1_i9_1_1_922_RC_02S_1,Gambiense 993
TRINITY_DN149_c0_g1_i1_2_45_1026_RC_02S_1,Gambiense 942
TRINITY_DN32_c0_g1_i9_1_114_1409_02S_3,Gambiense 625
TRINITY_DN88_c0_g1_i1_1_42_1395_02S_1,Gambiense 523
TRINITY_DN5_c0_g1_i23_1_114_1577_02S_3,Gambiense 199
TRINITY_DN66_c0_g1_i2_1_353_1320_02S_1,Gambiense 954
TRINITY_DN32_c0_g1_i6_1_11_1366_02S_1,Gambiense 517
TRINITY_DN94_c0_g1_i1_1_1_1306_RC_11S_3,Gambiense 615
TRINITY_DN117_c0_g1_i1_1_4_1535_02S_3,Gambiense 55
TRINITY_DN140_c0_g1_i2_1_45_1315_02S_3,Gambiense 662
TRINITY_DN27_c0_g1_i18_1_92_1241_02S_1,Gambiense 801
TRINITY_DN59_c0_g1_i1_1_5_1548_02S_3,Gambiense 49
TRINITY_DN0_c0_g1_i11_1_124_1432_RC_11S_1,Gambiense 609
TRINITY_DN87_c1_g1_i9_1_84_1473_02S_2,Gambiense 437
TRINITY_DN274_c0_g1_i1_1_1_1354_RC_02S_3,Gambiense 528
TRINITY_DN58_c0_g1_i11_1_207_1387_02S_2,Gambiense 758
TRINITY_DN6_c0_g1_i4_1_41_1080_11S_1,Gambiense 846
TRINITY_DN52_c0_g1_i1_1_94_1192_RC_33S_2,Gambiense 846
TRINITY_DN66_c0_g1_i18_1_104_1517_02S_2,Gambiense 359
TRINITY_DN22_c0_g1_i3_1_132_1579_02S_2,Gambiense 271
TRINITY_DN324_c0_g1_i1_1_174_1566_03S_1,Gambiense 427
TRINITY_DN47_c0_g1_i1_1_1_1393_RC_13S_1,Gambiense 427
TRINITY_DN53_c0_g1_i1_1_176_1568_17S_2,Gambiense 427
TRINITY_DN372_c0_g1_i1_1_1704_3096_19S_2,Gambiense 427
TRINITY_DN23_c1_g1_i39_2_37_1450_RC_02S_3,Gambiense 361
TRINITY_DN33_c0_g1_i4_1_105_1018_02S_1,Gambiense 1002
TRINITY_DN211_c0_g1_i1_1_0_1046_RC_02S_3,Gambiense 878
TRINITY_DN51_c0_g1_i12_1_0_1380_RC_02S_3,Gambiense 457
TRINITY_DN0_c0_g2_i1_1_104_1499_RC_02S_1,Gambiense 414
TRINITY_DN98_c0_g1_i1_1_2_1274_RC_11S_3,Gambiense 414
TRINITY_DN22_c0_g2_i18_1_77_1049_02S_1,Gambiense 949
TRINITY_DN3_c0_g1_i5_1_2_1410_RC_11S_2,Gambiense 375
TRINITY_DN266_c0_g1_i1_1_2_999_RC_02S_3,Gambiense 923
TRINITY_DN83_c0_g1_i8_1_1_1347_RC_02S_3,Gambiense 552
TRINITY_DN146_c0_g1_i1_1_2_1251_RC_02S_2,Gambiense 688
TRINITY_DN37_c0_g1_i4_1_1_1480_RC_02S_1,Gambiense 148
TRINITY_DN21_c0_g1_i31_1_0_933_RC_02S_3,Gambiense 984
TRINITY_DN71_c0_g1_i5_1_53_1421_02S_1,Gambiense 483
TRINITY_DN31_c0_g3_i2_1_1_922_RC_02S_2,Gambiense 994
TRINITY_DN44_c0_g1_i6_1_144_1611_02S_2,Gambiense 184
TRINITY_DN279_c0_g2_i1_1_163_1476_02S_1,Gambiense 602
TRINITY_DN91_c0_g1_i1_1_2_1163_RC_02S_2,Gambiense 776
TRINITY_DN7_c0_g1_i5_1_1644_3132_11S_3,Gambiense 129
TRINITY_DN17_c0_g2_i8_1_216_1680_02S_3,Gambiense 192
TRINITY_DN19_c0_g1_i1_1_83_1676_RC_23S_1,Gambiense 17
TRINITY_DN287_c0_g1_i1_1_2_957_RC_02S_2,Gambiense 964
TRINITY_DN3_c0_g2_i1_1_89_1481_29S_3,Gambiense 428
TRINITY_DN74_c0_g1_i17_1_173_1500_02S_3,Gambiense 579
TRINITY_DN128_c0_g1_i1_1_97_1531_29S_3,Gambiense 314
TRINITY_DN69_c0_g2_i1_1_108_1505_02S_2,Gambiense 406
TRINITY_DN98_c0_g1_i4_1_81_1225_02S_1,Gambiense 806
TRINITY_DN92_c0_g1_i1_1_53_1565_11S_1,Gambiense 78
TRINITY_DN4_c1_g2_i10_1_0_1316_RC_02S_3,Gambiense 597
TRINITY_DN40_c0_g1_i1_1_114_1586_11S_2,Gambiense 177
TRINITY_DN52_c0_g1_i5_1_1_1120_02S_3,Gambiense 830
TRINITY_DN10_c0_g2_i16_1_93_1262_02S_3,Gambiense 765
TRINITY_DN37_c0_g1_i32_1_0_1154_RC_02S_2,Gambiense 793
TRINITY_DN38_c0_g1_i4_1_64_1543_02S_1,Gambiense 147
TRINITY_DN31_c0_g1_i2_1_366_1800_02S_1,Gambiense 306
TRINITY_DN4_c0_g1_i47_1_83_1208_RC_11S_1,Gambiense 826
TRINITY_DN11_c0_g1_i30_1_101_1452_02S_1,Gambiense 532
TRINITY_DN23_c0_g2_i21_1_81_1492_02S_3,Gambiense 368
TRINITY_DN111_c0_g1_i2_1_108_1475_02S_2,Gambiense 488
TRINITY_DN278_c0_g1_i1_1_179_1342_02S_1,Gambiense 771
TRINITY_DN87_c1_g1_i4_1_5_1481_02S_2,Gambiense 157
TRINITY_DN17_c0_g1_i18_1_0_909_RC_02S_1,Gambiense 1011
TRINITY_DN33_c0_g1_i1_1_55_1546_RC_13S_3,Gambiense 120
TRINITY_DN67_c0_g1_i4_2_48_1482_RC_02S_3,Gambiense 309
TRINITY_DN259_c0_g1_i1_1_1_1441_RC_02S_3,Gambiense 290
TRINITY_DN12_c0_g3_i4_1_83_1531_02S_1,Gambiense 267
TRINITY_DN4_c0_g1_i1_1_1970_3092_01S_2,Gambiense 829
TRINITY_DN26_c0_g1_i7_1_54_1241_02S_1,Gambiense 748
TRINITY_DN70_c0_g1_i18_1_30_1479_RC_02S_1,Gambiense 257
TRINITY_DN47_c0_g1_i1_1_6_1458_RC_11S_3,Gambiense 247
TRINITY_DN9_c0_g1_i21_1_0_1513_RC_02S_2,Gambiense 77
TRINITY_DN59_c0_g2_i2_1_75_1531_02S_3,Gambiense 230
TRINITY_DN83_c0_g1_i6_1_0_753_RC_02S_3,Gambiense 1059
TRINITY_DN5_c0_g1_i17_1_35_1556_02S_3,Gambiense 67
TRINITY_DN116_c0_g1_i1_1_63_1113_02S_2,Gambiense 876
TRINITY_DN7_c0_g1_i18_1_2_1380_RC_02S_1,Gambiense 459
TRINITY_DN86_c0_g1_i6_1_0_1403_RC_02S_3,Gambiense 383
TRINITY_DN2_c0_g1_i2_2_45_1680_RC_11S_2,Gambiense 8
TRINITY_DN100_c0_g1_i4_1_81_1184_02S_2,Gambiense 841
TRINITY_DN221_c0_g1_i1_1_39_1424_02S_2,Gambiense 445
TRINITY_DN59_c0_g1_i4_1_80_1481_02S_2,Gambiense 387
TRINITY_DN161_c0_g1_i1_1_637_1543_02S_2,Gambiense 1020
TRINITY_DN143_c0_g1_i1_1_178_1315_02S_3,Gambiense 816
TRINITY_DN11_c0_g1_i26_1_103_1474_02S_2,Gambiense 475
TRINITY_DN11_c0_g1_i4_1_11_1490_RC_11S_3,Gambiense 150
TRINITY_DN24_c0_g1_i7_1_0_1399_RC_02S_2,Gambiense 397
TRINITY_DN33_c0_g1_i4_1_73_1446_02S_2,Gambiense 469
TRINITY_DN22_c0_g1_i38_1_14_1451_02S_2,Gambiense 297
TRINITY_DN178_c0_g1_i1_1_0_1275_RC_02S_1,Gambiense 653
TRINITY_DN90_c0_g1_i2_1_98_1435_02S_2,Gambiense 572
TRINITY_DN115_c0_g1_i1_1_0_1188_RC_02S_1,Gambiense 743
TRINITY_DN103_c1_g2_i3_1_54_1541_02S_2,Gambiense 133
TRINITY_DN24_c0_g2_i39_1_80_1520_02S_3,Gambiense 287
TRINITY_DN80_c0_g1_i3_1_0_1286_RC_02S_3,Gambiense 643
TRINITY_DN214_c0_g1_i1_1_30_1275_02S_3,Gambiense 692
TRINITY_DN2_c0_g1_i32_1_1_1454_02S_2,Gambiense 240
TRINITY_DN96_c0_g1_i5_1_23_1451_02S_2,Gambiense 324
TRINITY_DN92_c0_g1_i1_2_1313_2837_01S_1,Gambiense 60
TRINITY_DN223_c0_g1_i1_1_60_1312_02S_2,Gambiense 684
TRINITY_DN10_c0_g1_i4_1_56_1481_11S_2,Gambiense 332
TRINITY_DN18_c0_g1_i7_2_2_1720_RC_02S_2,Gambiense 1
TRINITY_DN86_c0_g1_i2_1_60_1184_02S_2,Gambiense 828
TRINITY_DN82_c0_g1_i1_1_1_1350_RC_02S_1,Gambiense 535
TRINITY_DN68_c0_g1_i1_1_5_1514_11S_2,Gambiense 85
TRINITY_DN15_c0_g3_i1_1_20_1478_11S_3,Gambiense 223
TRINITY_DN66_c0_g2_i22_1_2_697_RC_02S_3,Gambiense 1068
TRINITY_DN22_c0_g1_i34_1_14_1392_02S_2,Gambiense 462
TRINITY_DN3_c0_g4_i2_1_30_1170_RC_02S_1,Gambiense 811
TRINITY_DN71_c0_g1_i30_1_338_1227_02S_3,Gambiense 1027
TRINITY_DN110_c0_g1_i1_1_16_1246_02S_3,Gambiense 713
TRINITY_DN24_c0_g2_i31_1_72_1512_02S_3,Gambiense 288
TRINITY_DN117_c0_g1_i1_1_1_1344_RC_11S_1,Gambiense 562
TRINITY_DN36_c0_g1_i1_1_0_1286_RC_02S_3,Gambiense 641
TRINITY_DN74_c0_g1_i6_1_173_1570_02S_3,Gambiense 411
TRINITY_DN66_c0_g1_i7_1_0_850_RC_02S_3,Gambiense 1037
TRINITY_DN6_c0_g1_i7_1_2_1241_RC_02S_3,Gambiense 699
TRINITY_DN40_c0_g1_i23_1_1_1189_RC_02S_3,Gambiense 746
TRINITY_DN1_c0_g1_i4_1_56_1508_RC_12S_3,Gambiense 249
TRINITY_DN292_c0_g1_i1_1_0_1452_RC_02S_1,Gambiense 244
TRINITY_DN67_c1_g1_i8_1_1_1501_RC_02S_2,Gambiense 98
TRINITY_DN193_c0_g1_i1_1_27_1221_02S_1,Gambiense 739
TRINITY_DN237_c0_g1_i1_1_0_1456_RC_02S_1,Gambiense 228
TRINITY_DN2_c0_g2_i14_1_782_1006_02S_1,Gambiense 1108
TRINITY_DN58_c0_g1_i1_1_53_1364_11S_1,Gambiense 605
TRINITY_DN12_c0_g1_i31_1_1_1496_RC_02S_1,Gambiense 105
TRINITY_DN93_c0_g1_i12_1_2_1461_RC_02S_1,Gambiense 212
TRINITY_DN28_c0_g1_i5_2_40_952_RC_02S_3,Gambiense 1005
TRINITY_DN29_c0_g1_i13_1_1_1295_RC_02S_2,Gambiense 628
TRINITY_DN56_c0_g2_i3_1_72_1566_02S_2,Gambiense 111
TRINITY_DN71_c0_g1_i7_1_338_1217_02S_3,Gambiense 1030
TRINITY_DN3_c0_g1_i7_1_0_1158_RC_11S_2,Gambiense 787
TRINITY_DN123_c0_g1_i9_1_0_1262_RC_02S_2,Gambiense 669
TRINITY_DN118_c0_g1_i1_1_2_508_RC_02S_2,Gambiense 1097
TRINITY_DN44_c0_g1_i4_1_0_534_RC_02S_1,Gambiense 1092
TRINITY_DN18_c0_g1_i1_1_37_1378_RC_11S_1,Gambiense 565
TRINITY_DN21_c0_g1_i2_1_132_1157_02S_1,Gambiense 893
TRINITY_DN77_c0_g1_i1_1_2_1400_RC_11S_2,Gambiense 405
TRINITY_DN107_c0_g1_i1_1_0_1214_RC_02S_3,Gambiense 722
TRINITY_DN90_c0_g1_i1_1_98_1435_02S_2,Gambiense 571
TRINITY_DN51_c0_g1_i18_1_103_1049_02S_2,Gambiense 974
TRINITY_DN77_c1_g1_i25_1_0_1202_RC_02S_2,Gambiense 734
TRINITY_DN71_c0_g1_i1_1_1_1348_RC_11S_3,Gambiense 549
TRINITY_DN40_c0_g1_i7_1_0_1556_RC_02S_3,Gambiense 35
TRINITY_DN71_c0_g1_i7_1_53_1028_02S_1,Gambiense 946
TRINITY_DN44_c1_g1_i1_1_0_1302_RC_02S_2,Gambiense 621
TRINITY_DN10_c0_g1_i4_1_0_1256_RC_02S_2,Gambiense 674
TRINITY_DN0_c1_g1_i1_1_42_1626_11S_2,Gambiense 21
TRINITY_DN106_c0_g2_i1_1_60_1363_02S_2,Gambiense 619
TRINITY_DN224_c0_g1_i1_1_55_1317_02S_1,Gambiense 666
TRINITY_DN12_c0_g2_i16_1_87_1551_02S_1,Gambiense 189
TRINITY_DN66_c0_g2_i6_1_565_1655_02S_1,Gambiense 850
TRINITY_DN69_c0_g1_i6_1_2_1393_RC_02S_3,Gambiense 433
TRINITY_DN257_c0_g1_i1_1_2_1234_RC_02S_1,Gambiense 709
TRINITY_DN14_c0_g1_i1_1_70_1531_11S_1,Gambiense 205
TRINITY_DN75_c0_g1_i5_2_2_1594_RC_02S_2,Gambiense 18
TRINITY_DN130_c0_g1_i1_1_0_1274_RC_02S_3,Gambiense 659
TRINITY_DN21_c0_g2_i7_1_38_1483_02S_1,Gambiense 275
TRINITY_DN277_c0_g1_i1_1_2_1394_RC_02S_1,Gambiense 423
TRINITY_DN21_c0_g2_i11_1_5_1480_02S_1,Gambiense 160
TRINITY_DN59_c0_g3_i54_1_122_1193_02S_2,Gambiense 861
TRINITY_DN10_c0_g1_i22_1_0_1349_RC_02S_3,Gambiense 540
TRINITY_DN56_c0_g1_i5_1_62_1476_02S_2,Gambiense 355
TRINITY_DN301_c0_g1_i1_1_58_1422_02S_2,Gambiense 497
TRINITY_DN12_c0_g1_i52_1_93_1091_02S_3,Gambiense 919
TRINITY_DN78_c0_g1_i1_1_231_1385_02S_1,Gambiense 791
TRINITY_DN191_c0_g1_i1_1_2_1414_RC_02S_3,Gambiense 365
TRINITY_DN0_c0_g1_i2_1_37_1381_02S_3,Gambiense 558
TRINITY_DN116_c0_g1_i1_1_63_945_02S_1,Gambiense 1029
TRINITY_DN111_c0_g1_i1_1_109_1476_02S_2,Gambiense 487
TRINITY_DN269_c0_g1_i1_1_187_1111_02S_3,Gambiense 990
TRINITY_DN267_c0_g1_i1_1_1721_3191_19S_2,Gambiense 180
TRINITY_DN83_c0_g1_i1_1_2_1359_RC_02S_3,Gambiense 510
TRINITY_DN225_c0_g1_i2_1_2_1296_RC_02S_1,Gambiense 626
TRINITY_DN59_c0_g3_i3_1_0_1543_02S_3,Gambiense 50
TRINITY_DN35_c0_g2_i20_1_127_1563_02S_1,Gambiense 302
TRINITY_DN27_c0_g1_i25_1_70_1041_02S_3,Gambiense 951
TRINITY_DN76_c0_g1_i4_1_88_1395_02S_1,Gambiense 610
TRINITY_DN27_c0_g1_i90_1_71_1220_02S_1,Gambiense 802
TRINITY_DN67_c1_g2_i2_1_2_1618_RC_02S_2,Gambiense 13
TRINITY_DN220_c0_g1_i1_2_0_1310_RC_02S_3,Gambiense 606
TRINITY_DN106_c0_g1_i20_1_0_453_RC_02S_1,Gambiense 1103
TRINITY_DN0_c0_g1_i4_1_146_1619_13S_1,Gambiense 173
TRINITY_DN20_c0_g1_i5_1_48_1212_RC_17S_2,Gambiense 173
TRINITY_DN14_c0_g2_i50_1_217_1331_02S_3,Gambiense 834
TRINITY_DN2_c0_g1_i4_1_84_1629_RC_02S_3,Gambiense 47
TRINITY_DN87_c1_g1_i5_1_83_1475_02S_2,Gambiense 424
TRINITY_DN30_c0_g1_i4_1_113_1137_02S_1,Gambiense 894
TRINITY_DN74_c0_g1_i35_1_173_1091_02S_3,Gambiense 1001
TRINITY_DN59_c0_g1_i5_1_591_1597_02S_1,Gambiense 911
TRINITY_DN40_c0_g1_i17_1_642_1590_RC_02S_3,Gambiense 969
TRINITY_DN219_c0_g1_i1_1_1_1348_RC_02S_1,Gambiense 547
TRINITY_DN4_c1_g1_i1_1_72_1452_01S_2,Gambiense 452
TRINITY_DN4_c0_g1_i5_1_80_1490_11S_3,Gambiense 372
TRINITY_DN15_c0_g1_i3_1_1_920_RC_02S_3,Gambiense 999
TRINITY_DN90_c0_g1_i1_1_1_909_RC_02S_3,Gambiense 1015
TRINITY_DN76_c0_g1_i8_1_1_1241_RC_02S_3,Gambiense 698
TRINITY_DN10_c0_g1_i35_1_87_1469_02S_1,Gambiense 448
TRINITY_DN88_c0_g2_i1_1_2_1156_RC_02S_3,Gambiense 796
TRINITY_DN0_c0_g1_i16_1_37_1381_02S_3,Gambiense 557
TRINITY_DN3_c0_g1_i1_1_30_1479_RC_11S_1,Gambiense 263
TRINITY_DN51_c0_g1_i17_1_2_897_RC_02S_3,Gambiense 1023
TRINITY_DN116_c0_g2_i1_1_105_1458_02S_3,Gambiense 527
TRINITY_DN50_c0_g1_i1_1_63_1528_02S_1,Gambiense 187
TRINITY_DN74_c0_g1_i18_1_173_1570_02S_3,Gambiense 409
TRINITY_DN258_c0_g1_i1_1_25_1203_02S_2,Gambiense 759
TRINITY_DN6_c0_g5_i8_1_423_1031_02S_3,Gambiense 1085
TRINITY_DN52_c0_g3_i2_1_296_1294_02S_3,Gambiense 921
TRINITY_DN75_c0_g1_i7_1_2_1552_RC_02S_2,Gambiense 43
TRINITY_DN12_c0_g2_i21_1_87_1550_02S_1,Gambiense 197
TRINITY_DN50_c0_g1_i3_1_2_1097_RC_02S_3,Gambiense 848
TRINITY_DN271_c0_g1_i1_1_433_1084_02S_1,Gambiense 1077
TRINITY_DN76_c1_g1_i5_1_0_1397_RC_02S_3,Gambiense 412
TRINITY_DN163_c0_g1_i1_1_2_1326_RC_02S_2,Gambiense 582
TRINITY_DN67_c0_g1_i13_2_9_1443_RC_02S_3,Gambiense 311
TRINITY_DN12_c0_g1_i7_1_0_911_RC_02S_1,Gambiense 1008
TRINITY_DN5_c0_g2_i10_1_96_1415_02S_3,Gambiense 593
TRINITY_DN4_c1_g1_i1_1_0_1319_RC_02S_3,Gambiense 594
TRINITY_DN3_c0_g1_i1_1_80_1508_RC_12S_2,Gambiense 329
TRINITY_DN36_c0_g1_i6_1_2_496_RC_02S_2,Gambiense 1100
TRINITY_DN37_c1_g1_i1_1_34_1148_02S_2,Gambiense 833
TRINITY_DN14_c0_g1_i14_1_39_1440_11S_3,Gambiense 390
TRINITY_DN79_c0_g1_i1_1_1_1389_RC_02S_3,Gambiense 441
TRINITY_DN103_c1_g1_i1_1_54_1537_02S_2,Gambiense 142
TRINITY_DN110_c0_g1_i5_1_0_768_RC_02S_2,Gambiense 1055
TRINITY_DN71_c0_g1_i34_1_90_1218_02S_3,Gambiense 823
TRINITY_DN160_c0_g1_i1_1_97_1468_17S_3,Gambiense 479
TRINITY_DN22_c0_g2_i14_1_77_1553_02S_1,Gambiense 154
TRINITY_DN40_c0_g1_i1_1_250_962_02S_2,Gambiense 1065
TRINITY_DN76_c0_g1_i1_1_1_1337_RC_02S_3,Gambiense 573
TRINITY_DN7_c0_g1_i2_2_56_1544_RC_11S_1,Gambiense 127
TRINITY_DN131_c0_g1_i1_1_5_1243_02S_2,Gambiense 704
TRINITY_DN65_c0_g1_i1_1_88_1528_11S_2,Gambiense 293
TRINITY_DN68_c0_g1_i1_1_3_1451_02S_2,Gambiense 268
TRINITY_DN182_c0_g1_i1_1_0_1485_RC_02S_2,Gambiense 137
TRINITY_DN12_c0_g1_i10_1_1_1442_RC_02S_1,Gambiense 283
TRINITY_DN2_c3_g1_i17_1_78_1528_02S_2,Gambiense 252
TRINITY_DN6_c0_g3_i41_1_17_1258_02S_3,Gambiense 696
TRINITY_DN15_c0_g1_i1_1_11_1529_RC_11S_1,Gambiense 72
TRINITY_DN7_c0_g2_i19_1_80_1511_11S_2,Gambiense 320
TRINITY_DN6_c0_g1_i7_1_41_1464_11S_1,Gambiense 339
TRINITY_DN2_c0_g1_i2_1_119_1574_13S_3,Gambiense 237
TRINITY_DN103_c0_g1_i2_1_83_1435_02S_3,Gambiense 531
TRINITY_DN240_c0_g1_i1_1_111_1020_02S_1,Gambiense 1012
TRINITY_DN19_c0_g1_i1_1_82_1606_11S_1,Gambiense 64
TRINITY_DN21_c0_g1_i34_1_0_909_RC_02S_3,Gambiense 1014
TRINITY_DN94_c0_g1_i1_1_1_1458_RC_02S_3,Gambiense 227
TRINITY_DN20_c0_g1_i6_1_34_1116_02S_1,Gambiense 856
TRINITY_DN5_c0_g1_i1_1_77_1142_RC_02S_1,Gambiense 865
TRINITY_DN210_c0_g1_i1_1_46_1430_02S_3,Gambiense 446
TRINITY_DN250_c0_g1_i1_1_493_1162_02S_2,Gambiense 1072
TRINITY_DN180_c0_g1_i1_1_6_1144_02S_2,Gambiense 815
TRINITY_DN297_c0_g1_i1_1_2_1424_RC_02S_3,Gambiense 342
TRINITY_DN11_c0_g2_i1_1_0_1373_RC_02S_3,Gambiense 470
TRINITY_DN70_c0_g1_i19_1_30_1479_RC_02S_1,Gambiense 259
TRINITY_DN66_c0_g3_i3_1_352_1218_02S_1,Gambiense 1033
TRINITY_DN90_c0_g1_i4_1_102_1478_02S_2,Gambiense 466
TRINITY_DN248_c0_g1_i1_1_42_1362_02S_2,Gambiense 590
TRINITY_DN240_c0_g1_i1_1_535_1186_02S_2,Gambiense 1078
TRINITY_DN26_c0_g1_i1_1_63_1512_02S_3,Gambiense 262
TRINITY_DN29_c1_g2_i1_1_115_1555_02S_1,Gambiense 284
TRINITY_DN15_c0_g1_i36_1_136_1410_02S_2,Gambiense 656
TRINITY_DN8_c0_g1_i4_1_29_1316_RC_11S_2,Gambiense 640
TRINITY_DN196_c0_g1_i1_1_1_1402_RC_02S_2,Gambiense 389
TRINITY_DN8_c0_g1_i19_1_2_1183_RC_02S_1,Gambiense 754
TRINITY_DN20_c0_g5_i1_1_419_1502_RC_02S_2,Gambiense 855
TRINITY_DN7_c0_g1_i23_1_1634_3062_11S_1,Gambiense 327
TRINITY_DN78_c0_g1_i1_1_57_1357_02S_2,Gambiense 623
TRINITY_DN4_c0_g5_i41_1_104_1607_RC_02S_2,Gambiense 94
TRINITY_DN187_c0_g1_i1_1_1_1291_RC_02S_2,Gambiense 636
TRINITY_DN0_c0_g1_i18_1_124_1789_RC_11S_1,Gambiense 2
TRINITY_DN50_c0_g1_i1_1_70_1735_13S_3,Gambiense 2
TRINITY_DN104_c0_g1_i2_1_0_1254_RC_02S_2,Gambiense 681
TRINITY_DN88_c1_g1_i7_1_2_1351_RC_02S_3,Gambiense 536
TRINITY_DN59_c0_g1_i6_1_161_1584_02S_1,Gambiense 337
TRINITY_DN36_c0_g1_i27_1_2_1322_RC_02S_2,Gambiense 589
TRINITY_DN104_c0_g1_i4_1_0_1254_RC_02S_2,Gambiense 679
TRINITY_DN8_c0_g2_i16_1_233_1652_02S_3,Gambiense 347
TRINITY_DN7_c0_g2_i2_2_0_1507_RC_11S_1,Gambiense 86
TRINITY_DN202_c0_g1_i1_1_0_1362_RC_02S_3,Gambiense 500
TRINITY_DN10_c0_g1_i59_1_87_1443_02S_1,Gambiense 513
TRINITY_DN41_c0_g1_i16_1_2_1500_RC_02S_1,Gambiense 101
TRINITY_DN278_c0_g1_i1_1_2_1232_RC_02S_3,Gambiense 714
TRINITY_DN229_c0_g1_i1_1_1_1461_RC_02S_1,Gambiense 208
TRINITY_DN84_c0_g1_i19_1_346_966_02S_2,Gambiense 1083
TRINITY_DN31_c0_g1_i24_1_0_862_RC_02S_2,Gambiense 1034
TRINITY_DN275_c0_g1_i1_1_39_1319_02S_3,Gambiense 649
TRINITY_DN97_c0_g1_i2_1_0_1332_RC_02S_3,Gambiense 575
TRINITY_DN110_c0_g1_i16_1_0_835_RC_02S_2,Gambiense 1042
TRINITY_DN130_c0_g1_i2_1_0_1274_RC_02S_3,Gambiense 660
TRINITY_DN91_c0_g1_i1_1_2_102_RC_02S_3,Gambiense 1111
TRINITY_DN88_c0_g1_i2_1_38_1299_02S_1,Gambiense 670
TRINITY_DN37_c1_g1_i8_1_75_1641_02S_3,Gambiense 31
TRINITY_DN40_c0_g1_i5_1_642_1590_RC_02S_3,Gambiense 970
TRINITY_DN146_c0_g1_i1_1_2_1295_RC_02S_1,Gambiense 631
TRINITY_DN9_c0_g1_i7_1_2024_3029_11S_2,Gambiense 914
TRINITY_DN85_c0_g1_i1_1_50_1508_02S_1,Gambiense 215
TRINITY_DN37_c0_g1_i10_1_0_1154_RC_02S_2,Gambiense 794
TRINITY_DN22_c0_g2_i3_1_77_1572_02S_1,Gambiense 108
TRINITY_DN41_c1_g1_i9_1_1_1074_RC_02S_1,Gambiense 860
TRINITY_DN83_c0_g1_i2_1_1_1347_RC_02S_3,Gambiense 551
TRINITY_DN12_c0_g1_i31_1_2_1493_RC_11S_1,Gambiense 116
TRINITY_DN236_c0_g1_i1_1_88_1549_02S_1,Gambiense 201
TRINITY_DN53_c0_g1_i7_1_2_1009_RC_02S_3,Gambiense 909
TRINITY_DN2_c0_g1_i8_1_63_1222_02S_1,Gambiense 782
TRINITY_DN100_c0_g1_i1_1_63_1537_11S_3,Gambiense 164
TRINITY_DN18_c0_g1_i1_1_272_1269_02S_1,Gambiense 922
TRINITY_DN72_c0_g1_i1_1_136_1534_02S_1,Gambiense 402
TRINITY_DN22_c0_g1_i11_1_14_1058_02S_2,Gambiense 879
TRINITY_DN0_c0_g2_i3_1_57_1474_02S_3,Gambiense 351
TRINITY_DN113_c0_g1_i1_1_64_1507_11S_3,Gambiense 279
TRINITY_DN67_c2_g1_i1_1_1_914_RC_02S_2,Gambiense 1003
TRINITY_DN21_c0_g1_i11_1_0_933_RC_02S_3,Gambiense 982
TRINITY_DN252_c0_g1_i1_1_0_936_RC_02S_1,Gambiense 979
TRINITY_DN531_c0_g1_i1_1_343_1897_03S_3,Gambiense 38
TRINITY_DN54_c0_g1_i1_1_1_1437_RC_11S_2,Gambiense 38
TRINITY_DN137_c0_g1_i1_1_0_1521_RC_12S_3,Gambiense 38
TRINITY_DN44_c0_g1_i1_1_346_1900_13S_2,Gambiense 38
TRINITY_DN51_c0_g1_i1_1_2_1554_RC_17S_2,Gambiense 38
TRINITY_DN0_c0_g1_i1_1_371_1925_23S_1,Gambiense 38
TRINITY_DN44_c0_g1_i1_1_118_1621_RC_29S_2,Gambiense 38
TRINITY_DN295_c0_g1_i1_1_371_1925_30S_3,Gambiense 38
TRINITY_DN1294_c0_g1_i1_1_429_1983_33S_3,Gambiense 38
TRINITY_DN88_c0_g1_i3_1_42_1330_02S_1,Gambiense 638
TRINITY_DN70_c0_g1_i16_1_30_1011_RC_02S_1,Gambiense 941
TRINITY_DN88_c1_g1_i5_1_2_1350_RC_02S_3,Gambiense 544
TRINITY_DN176_c0_g1_i1_1_5_1307_02S_2,Gambiense 622
TRINITY_DN0_c1_g1_i8_1_13_1378_RC_02S_1,Gambiense 493
TRINITY_DN43_c0_g1_i18_1_293_1865_02S_2,Gambiense 26
TRINITY_DN66_c0_g1_i20_1_353_1319_02S_1,Gambiense 955
TRINITY_DN266_c0_g1_i1_1_0_1305_RC_02S_1,Gambiense 614
TRINITY_DN7_c0_g2_i21_2_1_1423_RC_11S_1,Gambiense 343
TRINITY_DN235_c0_g1_i1_1_34_1303_02S_3,Gambiense 663
TRINITY_DN93_c0_g1_i6_1_1_1532_RC_02S_3,Gambiense 54
TRINITY_DN20_c0_g1_i47_1_34_1116_02S_1,Gambiense 857
TRINITY_DN48_c0_g1_i3_1_1_1390_RC_02S_1,Gambiense 436
TRINITY_DN6_c0_g1_i34_1_2_1241_RC_02S_3,Gambiense 700
TRINITY_DN50_c0_g1_i4_1_2_1097_RC_02S_3,Gambiense 847
TRINITY_DN27_c0_g1_i34_1_70_1463_02S_3,Gambiense 420
TRINITY_DN23_c1_g1_i3_1_37_1078_RC_02S_3,Gambiense 884
TRINITY_DN22_c0_g1_i17_1_132_1579_02S_2,Gambiense 270
TRINITY_DN69_c0_g1_i4_1_403_1396_RC_02S_3,Gambiense 928
TRINITY_DN22_c0_g1_i49_1_14_1058_02S_2,Gambiense 880
TRINITY_DN88_c1_g1_i8_1_2_1350_RC_02S_3,Gambiense 543
TRINITY_DN24_c0_g1_i4_1_80_1460_02S_3,Gambiense 456
TRINITY_DN66_c0_g1_i4_1_104_1517_02S_2,Gambiense 356
TRINITY_DN51_c0_g1_i2_1_0_1328_RC_02S_3,Gambiense 578
TRINITY_DN27_c0_g1_i42_1_70_1463_02S_3,Gambiense 419
TRINITY_DN87_c1_g1_i8_1_83_1428_02S_2,Gambiense 553
TRINITY_DN30_c0_g1_i4_1_81_1005_02S_3,Gambiense 989
TRINITY_DN66_c0_g1_i16_1_104_1517_02S_2,Gambiense 360
TRINITY_DN0_c0_g1_i1_1_104_1475_19S_1,Gambiense 480
TRINITY_DN44_c0_g1_i5_1_142_1609_02S_2,Gambiense 183
TRINITY_DN56_c0_g1_i1_1_48_1455_RC_11S_1,Gambiense 376
TRINITY_DN31_c0_g4_i1_1_2_922_RC_02S_2,Gambiense 995
TRINITY_DN45_c0_g1_i4_1_2_1241_RC_02S_3,Gambiense 701
TRINITY_DN7_c0_g1_i33_1_27_1515_RC_11S_2,Gambiense 128
TRINITY_DN396_c0_g1_i1_1_68_1505_03S_2,Gambiense 301
TRINITY_DN72_c0_g1_i1_1_55_1473_11S_2,Gambiense 301
TRINITY_DN40_c0_g1_i2_1_93_1050_17S_2,Gambiense 301
TRINITY_DN310_c0_g1_i1_1_153_1590_33S_1,Gambiense 301
TRINITY_DN9_c0_g1_i7_2_83_1547_RC_11S_2,Gambiense 193
TRINITY_DN109_c0_g1_i2_1_172_1478_02S_1,Gambiense 613
TRINITY_DN52_c0_g1_i1_1_90_1686_11S_2,Gambiense 16
TRINITY_DN32_c0_g1_i4_1_39_1430_02S_1,Gambiense 429
TRINITY_DN53_c0_g1_i1_1_1_1434_RC_02S_1,Gambiense 315
TRINITY_DN81_c0_g1_i4_1_133_1276_02S_1,Gambiense 807
TRINITY_DN126_c0_g1_i1_1_100_1412_02S_3,Gambiense 603
TRINITY_DN0_c0_g1_i7_1_119_1592_13S_3,Gambiense 174
TRINITY_DN79_c0_g1_i2_1_74_1328_02S_2,Gambiense 677
TRINITY_DN116_c0_g2_i1_1_56_1165_02S_2,Gambiense 837
TRINITY_DN3_c0_g1_i3_1_30_978_RC_02S_1,Gambiense 967
TRINITY_DN3_c0_g4_i7_1_30_1023_RC_02S_1,Gambiense 924
TRINITY_DN23_c1_g1_i6_1_37_1078_RC_02S_3,Gambiense 883
TRINITY_DN68_c0_g1_i6_1_3_1484_02S_2,Gambiense 146
TRINITY_DN274_c0_g1_i1_1_271_1074_02S_2,Gambiense 1051
TRINITY_DN4_c0_g1_i32_1_83_1208_RC_11S_1,Gambiense 827
TRINITY_DN3_c0_g1_i29_1_2_914_RC_02S_1,Gambiense 1004
TRINITY_DN53_c0_g1_i1_1_168_1549_11S_1,Gambiense 451
TRINITY_DN21_c0_g1_i13_1_0_1065_RC_02S_3,Gambiense 868
TRINITY_DN90_c0_g1_i8_1_1_909_RC_02S_3,Gambiense 1016
TRINITY_DN50_c0_g1_i4_1_2_1007_02S_2,Gambiense 913
TRINITY_DN3_c0_g1_i13_1_0_1353_RC_11S_2,Gambiense 529
TRINITY_DN87_c1_g1_i6_1_78_1423_02S_2,Gambiense 554
TRINITY_DN10_c0_g2_i15_1_93_1262_02S_3,Gambiense 764
TRINITY_DN107_c0_g1_i1_1_52_1501_11S_1,Gambiense 264
TRINITY_DN29_c0_g1_i6_1_5_1439_RC_02S_2,Gambiense 308
TRINITY_DN63_c2_g1_i1_1_51_936_02S_2,Gambiense 1028
TRINITY_DN14_c0_g2_i20_1_252_1415_02S_3,Gambiense 772
TRINITY_DN87_c1_g1_i1_1_5_1481_02S_2,Gambiense 158
TRINITY_DN52_c0_g2_i8_1_64_1431_02S_3,Gambiense 489
TRINITY_DN93_c0_g1_i10_1_1_564_RC_02S_1,Gambiense 1088
TRINITY_DN70_c0_g1_i5_1_30_1479_RC_02S_1,Gambiense 256
TRINITY_DN67_c0_g1_i4_1_1515_3003_02S_3,Gambiense 123
TRINITY_DN372_c0_g1_i1_2_194_1589_19S_2,Gambiense 415
TRINITY_DN17_c0_g2_i1_1_87_1551_11S_3,Gambiense 194
TRINITY_DN75_c0_g1_i17_2_2_1552_RC_02S_2,Gambiense 44
TRINITY_DN51_c0_g1_i19_1_103_1049_02S_2,Gambiense 975
TRINITY_DN154_c0_g1_i1_1_120_1463_02S_3,Gambiense 561
TRINITY_DN67_c0_g2_i1_1_48_1482_RC_02S_3,Gambiense 312
TRINITY_DN47_c0_g1_i19_1_239_1289_02S_1,Gambiense 875
TRINITY_DN149_c0_g1_i1_1_1_1166_RC_02S_2,Gambiense 768
TRINITY_DN173_c0_g1_i1_1_2_1145_RC_02S_2,Gambiense 809
TRINITY_DN36_c0_g1_i18_1_2_455_RC_02S_2,Gambiense 1104
TRINITY_DN113_c0_g1_i6_1_108_1487_02S_2,Gambiense 458
TRINITY_DN184_c0_g1_i1_1_53_1574_17S_3,Gambiense 68
TRINITY_DN64_c0_g1_i7_1_81_1468_02S_1,Gambiense 442
TRINITY_DN41_c0_g3_i4_1_2_1457_RC_02S_3,Gambiense 233
TRINITY_DN20_c0_g1_i1_1_1_1630_RC_02S_2,Gambiense 9
TRINITY_DN17_c0_g1_i3_1_0_1130_RC_02S_2,Gambiense 820
TRINITY_DN186_c0_g1_i1_1_2_1017_RC_02S_3,Gambiense 902
TRINITY_DN68_c0_g1_i3_1_3_1468_02S_2,Gambiense 188
TRINITY_DN11_c0_g1_i58_1_11_1490_RC_11S_3,Gambiense 151
TRINITY_DN0_c0_g1_i19_2_1685_4628_11S_3-1,Gambiense 378
TRINITY_DN10_c0_g2_i3_1_0_1230_RC_02S_2,Gambiense 711
TRINITY_DN184_c0_g1_i1_1_1_1239_RC_02S_1,Gambiense 703
TRINITY_DN75_c0_g2_i1_1_67_1504_02S_1,Gambiense 296
TRINITY_DN17_c0_g1_i4_1_0_1130_RC_02S_2,Gambiense 819
TRINITY_DN42_c0_g1_i1_1_1_1402_RC_02S_2,Gambiense 386
TRINITY_DN7_c0_g1_i2_1_11_1499_RC_11S_3,Gambiense 130
TRINITY_DN187_c0_g1_i1_1_2_1278_RC_02S_1,Gambiense 652
TRINITY_DN0_c0_g2_i12_1_90_1533_RC_13S_3,Gambiense 280
TRINITY_DN25_c0_g1_i22_1_0_1189_02S_3,Gambiense 742
TRINITY_DN77_c1_g1_i8_1_0_1400_RC_02S_2,Gambiense 394
TRINITY_DN12_c0_g1_i1_1_1_1211_RC_02S_1,Gambiense 726
TRINITY_DN127_c0_g1_i1_1_1_1246_RC_02S_3,Gambiense 691
TRINITY_DN95_c0_g1_i36_1_0_1428_RC_02S_1,Gambiense 323
TRINITY_DN70_c0_g2_i1_1_30_1428_RC_02S_1,Gambiense 401
TRINITY_DN291_c0_g1_i1_1_84_1537_02S_3,Gambiense 241
TRINITY_DN34_c0_g1_i4_1_123_1628_02S_1,Gambiense 91
TRINITY_DN65_c0_g1_i4_1_101_1353_02S_3,Gambiense 685
TRINITY_DN31_c0_g1_i32_1_366_1890_02S_1,Gambiense 61
TRINITY_DN6_c0_g1_i1_1_42_1467_11S_3,Gambiense 333
TRINITY_DN77_c1_g1_i5_1_0_1202_RC_02S_2,Gambiense 731
TRINITY_DN96_c0_g1_i1_1_147_1653_17S_1,Gambiense 90
TRINITY_DN47_c0_g1_i7_1_39_1497_02S_2,Gambiense 220
TRINITY_DN67_c0_g1_i5_1_78_1436_02S_1,Gambiense 504
TRINITY_DN12_c0_g1_i27_1_1_1232_RC_02S_1,Gambiense 710
TRINITY_DN27_c0_g1_i13_1_70_939_02S_3,Gambiense 1032
TRINITY_DN199_c0_g1_i1_1_1_739_RC_02S_3,Gambiense 1061
TRINITY_DN190_c0_g1_i1_1_192_1081_02S_1,Gambiense 1026
TRINITY_DN279_c0_g1_i1_1_120_1261_02S_3,Gambiense 810
TRINITY_DN95_c0_g3_i1_1_2_1373_RC_02S_1,Gambiense 473
TRINITY_DN24_c0_g2_i12_1_72_1512_02S_3,Gambiense 289
TRINITY_DN88_c0_g1_i4_1_38_1364_02S_1,Gambiense 580
TRINITY_DN20_c0_g2_i3_1_2_1380_RC_02S_2,Gambiense 463
TRINITY_DN169_c0_g1_i1_1_1_793_RC_02S_2,Gambiense 1053
TRINITY_DN15_c0_g2_i14_1_0_830_RC_02S_3,Gambiense 1046
TRINITY_DN82_c0_g1_i1_1_2_1659_RC_02S_3,Gambiense 6
TRINITY_DN23_c0_g1_i17_1_31_1219_RC_02S_3,Gambiense 745
TRINITY_DN67_c0_g1_i3_1_78_1436_02S_1,Gambiense 505
TRINITY_DN79_c0_g1_i3_1_100_1385_02S_1,Gambiense 645
TRINITY_DN9_c1_g1_i1_1_61_1479_02S_2,Gambiense 348
TRINITY_DN144_c0_g1_i1_1_1_220_RC_02S_1,Gambiense 1109
TRINITY_DN43_c0_g2_i1_1_482_1773_02S_1,Gambiense 635
TRINITY_DN2_c0_g1_i2_1_1930_3580_11S_2,Gambiense 7
TRINITY_DN53_c0_g1_i9_1_1_1425_RC_02S_1,Gambiense 334
TRINITY_DN2_c0_g1_i25_1_88_1597_11S_1,Gambiense 83
TRINITY_DN7_c1_g1_i1_1_0_1294_RC_11S_1,Gambiense 629
TRINITY_DN59_c0_g3_i14_1_122_1481_02S_2,Gambiense 503
TRINITY_DN226_c0_g1_i1_1_2_1458_RC_02S_2,Gambiense 229
TRINITY_DN70_c0_g1_i1_1_8_1286_RC_02S_2,Gambiense 650
TRINITY_DN93_c0_g1_i33_1_2_1461_RC_02S_1,Gambiense 211
TRINITY_DN41_c0_g2_i5_1_1_1497_RC_02S_1,Gambiense 104
TRINITY_DN264_c0_g1_i1_1_1_979_RC_02S_3,Gambiense 944
TRINITY_DN22_c0_g1_i17_1_2_1495_RC_02S_1,Gambiense 112
TRINITY_DN54_c0_g1_i1_1_22_1364_02S_2,Gambiense 564
TRINITY_DN174_c0_g1_i1_1_395_993_02S_3,Gambiense 1086
TRINITY_DN95_c0_g2_i1_1_2_1224_RC_02S_1,Gambiense 721
TRINITY_DN221_c0_g1_i1_1_122_1452_02S_1,Gambiense 576
TRINITY_DN29_c0_g1_i36_1_0_524_RC_02S_2,Gambiense 1094
TRINITY_DN110_c0_g1_i25_1_0_835_RC_02S_2,Gambiense 1041
TRINITY_DN122_c0_g1_i1_1_1_1201_02S_1,Gambiense 735
TRINITY_DN280_c0_g1_i1_1_2_1349_RC_02S_1,Gambiense 548
TRINITY_DN251_c0_g1_i1_1_1_1012_RC_02S_1,Gambiense 906
TRINITY_DN40_c0_g1_i4_1_0_1556_RC_02S_3,Gambiense 34
TRINITY_DN106_c0_g1_i22_1_0_453_RC_02S_1,Gambiense 1102
TRINITY_DN76_c0_g1_i1_1_55_1561_RC_11S_2,Gambiense 88
TRINITY_DN123_c0_g1_i4_1_0_1262_RC_02S_2,Gambiense 667
TRINITY_DN144_c0_g1_i1_1_130_1711_17S_2,Gambiense 22
TRINITY_DN40_c0_g1_i1_1_103_1684_19S_1,Gambiense 22
TRINITY_DN71_c0_g1_i4_1_53_1028_02S_1,Gambiense 945
TRINITY_DN80_c0_g1_i5_1_0_986_RC_02S_1,Gambiense 932
TRINITY_DN9_c0_g1_i4_1_96_1557_11S_1,Gambiense 206
TRINITY_DN7_c0_g4_i1_1_2_1393_RC_02S_1,Gambiense 432
TRINITY_DN9_c0_g1_i1_1_2_1199_RC_01S_2,Gambiense 738
TRINITY_DN93_c0_g1_i32_1_2_1161_RC_02S_1,Gambiense 781
TRINITY_DN234_c0_g2_i1_1_17_1321_02S_1,Gambiense 618
TRINITY_DN40_c0_g1_i30_1_103_1577_02S_1,Gambiense 163
TRINITY_DN70_c0_g1_i28_1_8_1454_RC_02S_2,Gambiense 274
TRINITY_DN102_c0_g1_i1_1_1_1395_RC_02S_1,Gambiense 416
TRINITY_DN49_c0_g1_i34_1_46_1131_02S_3,Gambiense 853
TRINITY_DN286_c0_g1_i1_1_1_1081_RC_02S_1,Gambiense 859
TRINITY_DN88_c0_g1_i1_1_0_1417_RC_02S_3,Gambiense 352
TRINITY_DN1_c0_g1_i4_1_2_932_02S_1,Gambiense 985
TRINITY_DN24_c0_g1_i23_1_1_1413_RC_02S_1,Gambiense 364
TRINITY_DN53_c0_g1_i5_1_311_1233_02S_2,Gambiense 991
TRINITY_DN29_c0_g1_i33_1_1_1295_RC_02S_2,Gambiense 627
TRINITY_DN36_c0_g1_i24_1_2_1366_RC_02S_2,Gambiense 496
TRINITY_DN49_c0_g1_i1_1_226_1195_02S_1,Gambiense 952
TRINITY_DN14_c0_g1_i4_1_3_1401_02S_3,Gambiense 404
TRINITY_DN127_c0_g1_i1_1_64_1368_02S_1,Gambiense 617
TRINITY_DN33_c0_g1_i1_1_0_1368_RC_02S_3,Gambiense 484
TRINITY_DN22_c0_g4_i1_1_51_1582_02S_1,Gambiense 53
TRINITY_DN17_c0_g1_i7_1_2_1188_RC_02S_1,Gambiense 750
TRINITY_DN252_c0_g1_i1_1_205_1515_02S_3,Gambiense 607
TRINITY_DN67_c1_g2_i1_1_2_1618_RC_02S_2,Gambiense 12
TRINITY_DN48_c0_g1_i4_1_57_1163_02S_3,Gambiense 840
TRINITY_DN103_c0_g1_i1_1_83_1435_02S_3,Gambiense 530
TRINITY_DN296_c0_g1_i1_1_190_1177_02S_3,Gambiense 931
TRINITY_DN95_c0_g1_i14_1_27_1419_02S_2,Gambiense 425
TRINITY_DN59_c0_g2_i6_1_51_1082_02S_2,Gambiense 890
TRINITY_DN265_c0_g1_i1_1_179_1097_02S_2,Gambiense 1000
TRINITY_DN22_c0_g1_i6_1_132_1512_02S_2,Gambiense 455
TRINITY_DN17_c0_g1_i32_1_1_952_02S_3,Gambiense 966
TRINITY_DN13_c0_g1_i5_1_72_1545_11S_1,Gambiense 170
TRINITY_DN13_c0_g6_i1_1_0_1347_RC_02S_1,Gambiense 546
TRINITY_DN92_c0_g1_i1_1_1_1341_RC_02S_1,Gambiense 568
TRINITY_DN81_c0_g1_i1_1_108_1470_02S_3,Gambiense 499
TRINITY_DN66_c0_g2_i18_2_2_1384_RC_02S_2,Gambiense 449
TRINITY_DN67_c0_g1_i10_1_1515_2668_02S_3,Gambiense 797
TRINITY_DN86_c0_g1_i8_1_0_1413_RC_02S_3,Gambiense 363
TRINITY_DN15_c0_g2_i7_1_0_830_RC_02S_3,Gambiense 1047
TRINITY_DN116_c0_g1_i1_1_93_1446_02S_3,Gambiense 526
TRINITY_DN5_c0_g1_i14_1_114_1581_02S_3,Gambiense 186
TRINITY_DN182_c0_g1_i1_1_2_1411_RC_02S_3,Gambiense 373
TRINITY_DN64_c0_g1_i6_1_81_1545_02S_1,Gambiense 190
TRINITY_DN70_c0_g1_i6_1_8_1457_RC_02S_2,Gambiense 260
TRINITY_DN5_c0_g1_i4_1_73_1507_RC_02S_1,Gambiense 304
TRINITY_DN11_c0_g4_i2_1_11_1337_RC_02S_3,Gambiense 581
TRINITY_DN93_c0_g1_i30_1_1448_3051_02S_3,Gambiense 15
TRINITY_DN68_c0_g1_i2_1_3_1435_02S_2,Gambiense 316
TRINITY_DN5_c0_g2_i1_1_141_1692_01S_1,Gambiense 40
TRINITY_DN81_c0_g1_i14_1_133_1276_02S_1,Gambiense 808
TRINITY_DN305_c0_g1_i1_1_0_1315_RC_02S_2,Gambiense 600
TRINITY_DN263_c0_g1_i1_1_0_1317_RC_02S_2,Gambiense 595
TRINITY_DN1_c0_g3_i2_1_57_1485_RC_11S_2,Gambiense 328
TRINITY_DN58_c0_g1_i9_1_79_1197_02S_2,Gambiense 832
TRINITY_DN66_c0_g2_i3_1_565_1655_02S_1,Gambiense 849
TRINITY_DN37_c0_g2_i1_1_0_1484_RC_02S_1,Gambiense 141
TRINITY_DN83_c0_g1_i4_1_2_1128_RC_02S_1,Gambiense 824
TRINITY_DN287_c0_g1_i1_1_1_799_RC_02S_1,Gambiense 1052
TRINITY_DN56_c0_g1_i3_1_2_1065_RC_02S_1,Gambiense 871
TRINITY_DN3_c0_g4_i22_1_0_549_RC_02S_1,Gambiense 1090
TRINITY_DN22_c0_g2_i8_1_77_1553_02S_1,Gambiense 155
TRINITY_DN41_c0_g3_i2_1_0_724_RC_02S_1,Gambiense 1064
TRINITY_DN144_c0_g1_i1_1_0_909_RC_02S_2,Gambiense 1013
TRINITY_DN22_c0_g3_i2_1_77_1245_02S_1,Gambiense 767
TRINITY_DN23_c0_g1_i12_1_0_1315_RC_02S_2,Gambiense 599
TRINITY_DN95_c0_g1_i1_1_1_1441_RC_11S_1,Gambiense 292
TRINITY_DN68_c0_g1_i10_1_3_1451_02S_2,Gambiense 269
TRINITY_DN79_c0_g1_i4_1_100_1385_02S_1,Gambiense 644
TRINITY_DN89_c0_g1_i1_1_2_1357_RC_02S_3,Gambiense 521
TRINITY_DN93_c0_g1_i1_1_75_1446_11S_1,Gambiense 478
TRINITY_DN21_c0_g2_i3_1_5_1455_02S_1,Gambiense 251
TRINITY_DN17_c0_g1_i2_1_0_1235_RC_11S_1,Gambiense 707
TRINITY_DN17_c0_g1_i1_1_0_1013_RC_11S_1,Gambiense 903
TRINITY_DN66_c0_g3_i4_1_352_1318_02S_1,Gambiense 957
TRINITY_DN11_c0_g1_i5_1_45_1533_RC_11S_1,Gambiense 126
TRINITY_DN44_c0_g1_i5_1_1_1107_RC_02S_3,Gambiense 839
TRINITY_DN27_c0_g1_i5_1_227_1679_02S_2,Gambiense 245
TRINITY_DN232_c0_g1_i1_1_119_1606_02S_2,Gambiense 134
TRINITY_DN2_c0_g2_i20_1_2_1520_RC_02S_3,Gambiense 71
TRINITY_DN23_c0_g1_i1_1_208_1607_11S_3,Gambiense 399
TRINITY_DN12_c0_g1_i16_1_57_1299_11S_2,Gambiense 695
TRINITY_DN147_c0_g1_i1_1_0_929_RC_02S_3,Gambiense 986
TRINITY_DN63_c0_g2_i3_1_63_1584_02S_2,Gambiense 65
TRINITY_DN39_c0_g1_i4_1_44_1109_RC_02S_1,Gambiense 866
TRINITY_DN107_c0_g1_i4_1_54_1208_02S_2,Gambiense 795
TRINITY_DN10_c0_g1_i18_1_87_1469_02S_1,Gambiense 447
TRINITY_DN10_c0_g1_i1_1_27_1482_11S_2,Gambiense 236
TRINITY_DN49_c0_g1_i5_1_0_903_RC_02S_2,Gambiense 1022
TRINITY_DN38_c0_g1_i1_1_64_1460_02S_1,Gambiense 413
TRINITY_DN14_c0_g2_i1_1_84_1455_02S_2,Gambiense 477
TRINITY_DN270_c0_g1_i1_1_299_1062_02S_1,Gambiense 1056
TRINITY_DN103_c0_g2_i1_1_76_1533_02S_1,Gambiense 224
TRINITY_DN277_c0_g1_i1_1_0_727_RC_02S_2,Gambiense 1063
TRINITY_DN209_c0_g1_i1_1_120_1270_02S_1,Gambiense 799
TRINITY_DN90_c0_g1_i20_1_102_1478_02S_2,Gambiense 467
TRINITY_DN2_c3_g1_i15_1_78_1515_02S_2,Gambiense 299
TRINITY_DN58_c0_g1_i1_1_0_1402_RC_02S_1,Gambiense 385
TRINITY_DN62_c2_g1_i1_1_2_1150_RC_02S_2,Gambiense 803
TRINITY_DN95_c0_g1_i18_1_7_1426_02S_2,Gambiense 344
TRINITY_DN25_c0_g1_i32_1_0_1189_02S_3,Gambiense 741
TRINITY_DN101_c0_g1_i1_1_251_1544_02S_2,Gambiense 632
TRINITY_DN16_c0_g1_i4_1_102_1542_02S_1,Gambiense 285
TRINITY_DN70_c0_g1_i3_1_30_1479_RC_02S_1,Gambiense 258
TRINITY_DN10_c0_g1_i51_1_87_1443_02S_1,Gambiense 512
TRINITY_DN228_c0_g1_i1_1_1_1182_RC_02S_1,Gambiense 755
TRINITY_DN94_c0_g1_i1_1_82_1510_RC_11S_1,Gambiense 326
TRINITY_DN51_c0_g1_i1_1_43_1471_13S_3,Gambiense 326
TRINITY_DN283_c0_g1_i1_1_65_1493_30S_3,Gambiense 326
TRINITY_DN2_c0_g1_i16_1_88_1597_11S_1,Gambiense 82
TRINITY_DN104_c0_g1_i3_1_0_1254_RC_02S_2,Gambiense 682
TRINITY_DN29_c0_g1_i1_1_1_1390_RC_02S_3,Gambiense 439
TRINITY_DN186_c0_g1_i1_1_61_1516_RC_17S_3,Gambiense 239
TRINITY_DN10_c0_g1_i7_1_0_1349_RC_02S_3,Gambiense 537
TRINITY_DN3_c0_g1_i2_1_58_1561_RC_17S_1,Gambiense 97
TRINITY_DN79_c0_g2_i1_1_121_1375_02S_2,Gambiense 678
TRINITY_DN263_c0_g1_i1_1_49_1407_02S_1,Gambiense 507
TRINITY_DN8_c0_g2_i39_1_182_1601_02S_3,Gambiense 346
TRINITY_DN20_c0_g3_i4_1_31_1537_RC_02S_2,Gambiense 87
TRINITY_DN232_c0_g1_i1_1_1_241_RC_02S_3,Gambiense 1106
TRINITY_DN74_c0_g1_i53_1_173_1159_02S_3,Gambiense 934
TRINITY_DN63_c0_g1_i1_1_375_1347_02S_2,Gambiense 950
TRINITY_DN9_c0_g1_i19_1_40_1540_RC_11S_3,Gambiense 100
TRINITY_DN201_c0_g1_i1_1_113_1536_02S_2,Gambiense 338
TRINITY_DN78_c0_g2_i2_1_96_1197_02S_1,Gambiense 843
TRINITY_DN24_c0_g3_i2_1_0_1460_RC_02S_2,Gambiense 209
TRINITY_DN8_c0_g4_i27_1_0_622_RC_02S_1,Gambiense 1082
TRINITY_DN31_c0_g2_i1_1_1_862_RC_02S_2,Gambiense 1035
TRINITY_DN7_c0_g1_i37_1_2_1380_RC_02S_1,Gambiense 460
TRINITY_DN111_c0_g1_i1_1_412_913_02S_1,Gambiense 1098
TRINITY_DN275_c0_g1_i1_1_1_655_RC_02S_2,Gambiense 1076
TRINITY_DN15_c0_g2_i25_1_0_830_RC_02S_3,Gambiense 1045
TRINITY_DN12_c0_g1_i24_1_1_1229_RC_02S_1,Gambiense 715
TRINITY_DN3_c0_g1_i6_1_2_212_RC_02S_1,Gambiense 1110
TRINITY_DN295_c0_g1_i1_1_220_1431_02S_3,Gambiense 725
TRINITY_DN222_c0_g1_i1_1_0_1048_RC_02S_1,Gambiense 877
TRINITY_DN85_c0_g2_i1_1_83_1265_11S_1,Gambiense 752
TRINITY_DN18_c1_g1_i8_1_2_567_RC_02S_3,Gambiense 1087
TRINITY_DN40_c0_g1_i2_1_642_1590_RC_02S_3,Gambiense 971
TRINITY_DN35_c0_g1_i2_1_114_1680_02S_1,Gambiense 30
TRINITY_DN24_c0_g1_i1_1_3_1296_RC_01S_2,Gambiense 630
TRINITY_DN74_c0_g1_i43_1_173_1159_02S_3,Gambiense 936
TRINITY_DN10_c0_g1_i5_1_0_1257_RC_02S_2,Gambiense 673
TRINITY_DN108_c0_g1_i3_1_2_1424_RC_02S_2,Gambiense 341
TRINITY_DN22_c1_g1_i33_1_13_1173_02S_3,Gambiense 779
TRINITY_DN85_c0_g1_i32_1_46_1204_02S_3,Gambiense 785
TRINITY_DN57_c0_g1_i1_1_2_1010_RC_02S_2,Gambiense 908
TRINITY_DN22_c0_g2_i16_1_77_1572_02S_1,Gambiense 107
TRINITY_DN199_c0_g1_i1_1_51_1510_02S_1,Gambiense 214
TRINITY_DN74_c0_g1_i56_1_189_1175_02S_3,Gambiense 935
TRINITY_DN59_c0_g2_i1_1_51_1083_02S_2,Gambiense 889
TRINITY_DN58_c0_g1_i30_1_40_1501_RC_02S_3,Gambiense 202
TRINITY_DN12_c0_g1_i4_1_2_1493_RC_11S_1,Gambiense 117
TRINITY_DN11_c0_g4_i3_1_11_1484_RC_02S_3,Gambiense 167
TRINITY_DN2_c0_g1_i5_1_69_1512_RC_11S_3,Gambiense 278
TRINITY_DN307_c0_g1_i1_1_547_1088_02S_2,Gambiense 1091
TRINITY_DN77_c1_g1_i4_1_0_1202_RC_02S_2,Gambiense 732
TRINITY_DN7_c0_g1_i19_1_1539_3087_11S_1,Gambiense 45
TRINITY_DN10_c0_g1_i3_1_0_1349_RC_02S_3,Gambiense 539
TRINITY_DN13_c0_g8_i1_1_59_1613_02S_1,Gambiense 37
TRINITY_DN190_c0_g1_i1_1_83_1449_02S_3,Gambiense 492
TRINITY_DN210_c0_g1_i1_1_0_935_RC_02S_2,Gambiense 981
TRINITY_DN27_c0_g1_i71_1_64_1003_02S_1,Gambiense 976
TRINITY_DN252_c0_g1_i1_1_1_1000_02S_2,Gambiense 916
TRINITY_DN171_c0_g1_i1_1_2_1572_RC_02S_1,Gambiense 27
TRINITY_DN29_c0_g1_i34_1_1_1356_RC_02S_2,Gambiense 519
TRINITY_DN70_c0_g1_i4_1_30_1011_RC_02S_1,Gambiense 940
TRINITY_DN24_c0_g2_i18_1_0_1390_RC_02S_2,Gambiense 435
TRINITY_DN5_c0_g1_i18_1_55_1546_RC_11S_2,Gambiense 118
TRINITY_DN2_c0_g3_i2_1_2_1532_RC_02S_3,Gambiense 57
TRINITY_DN66_c0_g1_i39_1_353_1319_02S_1,Gambiense 956
TRINITY_DN70_c0_g1_i17_1_8_1454_RC_02S_2,Gambiense 273
TRINITY_DN27_c0_g2_i40_1_1_1394_RC_02S_3,Gambiense 421
TRINITY_DN41_c0_g1_i23_1_8_1024_02S_2,Gambiense 900
TRINITY_DN26_c0_g1_i30_1_32_1535_RC_02S_2,Gambiense 95
TRINITY_DN81_c0_g1_i1_1_1_1350_RC_11S_1,Gambiense 542
TRINITY_DN74_c0_g1_i18_1_0_1100_RC_02S_1,Gambiense 844
TRINITY_DN66_c0_g1_i19_1_104_1517_02S_2,Gambiense 357
TRINITY_DN57_c1_g1_i2_1_59_962_02S_2,Gambiense 1021
TRINITY_DN163_c0_g1_i1_1_70_1463_02S_1,Gambiense 418
TRINITY_DN54_c0_g1_i8_1_5_1416_02S_2,Gambiense 367
TRINITY_DN229_c0_g1_i3_1_76_1253_02S_2,Gambiense 760
TRINITY_DN32_c0_g1_i2_1_11_1366_02S_1,Gambiense 518
TRINITY_DN15_c0_g1_i18_1_0_920_RC_02S_3,Gambiense 996
TRINITY_DN33_c0_g1_i5_1_105_1572_02S_1,Gambiense 182
TRINITY_DN69_c0_g1_i8_1_2_1408_RC_02S_3,Gambiense 377
TRINITY_DN170_c0_g1_i1_1_2_1571_RC_02S_3,Gambiense 28
TRINITY_DN36_c0_g1_i10_1_2_1366_RC_02S_2,Gambiense 495
TRINITY_DN23_c0_g2_i23_1_98_1535_02S_3,Gambiense 300
TRINITY_DN109_c0_g1_i1_1_109_1415_02S_1,Gambiense 612
TRINITY_DN921_c0_g1_i1_1_131_1502_RC_19S_3,Gambiense 481
TRINITY_DN99_c0_g1_i6_1_92_1238_02S_3,Gambiense 804
TRINITY_DN256_c0_g1_i1_1_146_1457_02S_1,Gambiense 604
TRINITY_DN77_c0_g1_i4_1_14_920_02S_1,Gambiense 1018
TRINITY_DN21_c0_g1_i1_2_71_1688_23S_2,Gambiense 11
TRINITY_DN204_c0_g1_i1_1_79_1192_02S_3,Gambiense 836
TRINITY_DN70_c0_g1_i1_1_2_1082_RC_01S_3,Gambiense 858
TRINITY_DN4_c1_g2_i11_1_0_1322_RC_02S_3,Gambiense 585
TRINITY_DN0_c0_g1_i1_1_194_1667_03S_2,Gambiense 169
TRINITY_DN59_c0_g3_i65_1_122_1478_02S_2,Gambiense 515
TRINITY_DN108_c0_g1_i1_1_2_914_02S_3,Gambiense 1007
TRINITY_DN10_c0_g1_i1_1_67_1449_11S_1,Gambiense 450
TRINITY_DN4_c0_g1_i1_1_124_1597_RC_19S_2,Gambiense 175
TRINITY_DN82_c0_g1_i4_1_91_998_02S_2,Gambiense 1017
TRINITY_DN21_c0_g1_i73_1_0_1065_RC_02S_3,Gambiense 869
TRINITY_DN25_c0_g1_i6_1_67_1236_02S_1,Gambiense 763
TRINITY_DN68_c0_g1_i4_1_3_1484_02S_2,Gambiense 145
TRINITY_DN115_c0_g1_i1_1_0_1345_RC_02S_2,Gambiense 555
TRINITY_DN48_c0_g1_i1_1_8_1361_RC_02S_2,Gambiense 525
TRINITY_DN138_c0_g1_i1_1_31_1193_02S_2,Gambiense 773
TRINITY_DN234_c0_g1_i1_1_217_1693_RC_17S_3,Gambiense 159
TRINITY_DN15_c0_g1_i1_1_86_1496_RC_01S_1,Gambiense 370
TRINITY_DN92_c0_g1_i1_1_165_1145_17S_2,Gambiense 370
TRINITY_DN55_c0_g1_i1_1_28_1555_29S_1,Gambiense 59
TRINITY_DN4_c0_g1_i6_1_47_1535_RC_02S_3,Gambiense 122
TRINITY_DN6_c0_g2_i1_1_0_1392_RC_12S_3,Gambiense 195
TRINITY_DN0_c0_g1_i19_1_60_1524_17S_1,Gambiense 195
TRINITY_DN256_c0_g1_i1_1_95_1059_02S_2,Gambiense 958
TRINITY_DN1_c0_g4_i1_1_57_1506_RC_11S_2,Gambiense 265
TRINITY_DN167_c0_g1_i1_1_85_1570_02S_2,Gambiense 138
TRINITY_DN5_c0_g1_i1_1_82_1531_01S_1,Gambiense 255
TRINITY_DN281_c0_g1_i1_1_2_1436_RC_02S_3,Gambiense 313
TRINITY_DN5_c0_g2_i19_1_96_1415_02S_3,Gambiense 592
TRINITY_DN4_c0_g1_i8_1_27_1540_02S_2,Gambiense 75
TRINITY_DN119_c0_g1_i2_1_1_961_RC_02S_2,Gambiense 961
TRINITY_DN8_c0_g1_i15_1_6_1393_02S_2,Gambiense 443
TRINITY_DN93_c0_g2_i1_1_2_1522_RC_02S_3,Gambiense 69
TRINITY_DN38_c1_g1_i4_1_1_1456_02S_3,Gambiense 232
TRINITY_DN262_c0_g1_i1_1_0_759_RC_02S_2,Gambiense 1057
TRINITY_DN81_c0_g1_i7_1_133_1262_02S_1,Gambiense 821
TRINITY_DN65_c0_g1_i1_1_0_1051_RC_11S_1,Gambiense 874
TRINITY_DN53149_c0_g1_i1_1_2_1513_RC_rRNA_73,Rhodesiense 21
TRINITY_DN33340_c0_g1_i1_1_1_929_RC_rRNA_80,Rhodesiense 21
TRINITY_DN2953_c0_g1_i1_1_1_1061_RC_rRNA_81,Rhodesiense 21
TRINITY_DN2953_c0_g1_i4_1_2_1061_RC_rRNA_81,Rhodesiense 21
TRINITY_DN17369_c0_g1_i1_1_243_1698_RC_rRNA_80,Rhodesiense 7
TRINITY_DN17369_c0_g1_i2_1_0_1697_RC_rRNA_80,Rhodesiense 7
TRINITY_DN28444_c0_g1_i2_1_2_950_RC_rRNA_81,Rhodesiense 7
TRINITY_DN28444_c0_g1_i1_1_2_956_RC_rRNA_81,Rhodesiense 7
TRINITY_DN30909_c0_g1_i1_1_6_1517_rRNA_80,Rhodesiense 18
TRINITY_DN8714_c0_g1_i1_1_1_1526_RC_rRNA_81,Rhodesiense 18
TRINITY_DN2483_c0_g1_i4_1_86_1063_rRNA_80,Rhodesiense 83
TRINITY_DN10883_c0_g1_i1_1_84_1317_CSF_58,Rhodesiense 58
TRINITY_DN2200_c0_g1_i1_1_859_2092_CSF_71,Rhodesiense 58
TRINITY_DN14366_c0_g1_i1_1_274_1507_rRNA_71,Rhodesiense 58
TRINITY_DN64174_c0_g1_i1_1_145_1378_RC_rRNA_73,Rhodesiense 58
TRINITY_DN54014_c0_g1_i5_1_258_1491_RC_rRNA_80,Rhodesiense 58
TRINITY_DN54014_c0_g1_i4_1_258_1491_RC_rRNA_80,Rhodesiense 58
TRINITY_DN54014_c0_g1_i1_1_258_1491_RC_rRNA_80,Rhodesiense 58
TRINITY_DN54014_c0_g1_i2_1_258_1491_RC_rRNA_80,Rhodesiense 58
TRINITY_DN37405_c0_g1_i1_1_259_1492_RC_rRNA_81,Rhodesiense 58
TRINITY_DN2466_c0_g1_i41_1_89_1259_RC_rRNA_71,Rhodesiense 62
TRINITY_DN2466_c0_g1_i43_1_89_1130_RC_rRNA_71,Rhodesiense 62
TRINITY_DN2466_c0_g1_i55_1_89_1259_RC_rRNA_71,Rhodesiense 62
TRINITY_DN43200_c0_g1_i1_1_157_1066_rRNA_73,Rhodesiense 93
TRINITY_DN29242_c0_g1_i2_1_82_1501_RC_rRNA_71,Rhodesiense 42
TRINITY_DN29242_c0_g1_i1_1_1_1089_RC_rRNA_71,Rhodesiense 42
TRINITY_DN2386_c1_g1_i6_1_1458_2477_rRNA_80,Rhodesiense 74
TRINITY_DN2386_c1_g1_i41_1_1458_2477_rRNA_80,Rhodesiense 74
TRINITY_DN2386_c1_g1_i33_1_1434_2453_rRNA_80,Rhodesiense 74
TRINITY_DN2386_c1_g1_i63_1_1434_2453_rRNA_80,Rhodesiense 74
TRINITY_DN30795_c0_g1_i2_1_1_1333_RC_rRNA_80,Rhodesiense 50
TRINITY_DN30795_c0_g1_i1_1_1_1313_RC_rRNA_80,Rhodesiense 50
TRINITY_DN37048_c0_g1_i1_1_0_1172_RC_rRNA_81,Rhodesiense 50
TRINITY_DN37280_c0_g1_i2_1_35_1486_rRNA_80,Rhodesiense 34
TRINITY_DN36614_c1_g1_i1_1_88_1494_rRNA_81,Rhodesiense 34
TRINITY_DN70386_c0_g1_i1_1_502_2065_rRNA_71,Rhodesiense 13
TRINITY_DN28645_c0_g1_i1_1_18_954_RC_rRNA_80,Rhodesiense 88
TRINITY_DN36_c0_g1_i1_1_78_1521_RC_CSF_58,Rhodesiense 22
TRINITY_DN36_c0_g1_i3_1_120_1563_RC_CSF_58,Rhodesiense 22
TRINITY_DN36_c0_g1_i2_1_55_1564_RC_CSF_58,Rhodesiense 22
TRINITY_DN36_c0_g1_i5_1_120_1563_RC_CSF_58,Rhodesiense 22
TRINITY_DN36_c0_g1_i6_1_120_1563_RC_CSF_58,Rhodesiense 22
TRINITY_DN7373_c0_g1_i1_1_326_13001_RC_polyA_74,Rhodesiense 0
TRINITY_DN53127_c0_g1_i1_1_8_1755_rRNA_80,Rhodesiense 0
TRINITY_DN11221_c0_g1_i12_1_21_1926_rRNA_80,Rhodesiense 4
TRINITY_DN9087_c0_g1_i7_1_2_996_rRNA_71,Rhodesiense 80
TRINITY_DN9087_c0_g1_i5_1_2_1001_rRNA_71,Rhodesiense 80
TRINITY_DN30714_c0_g1_i1_1_0_1020_rRNA_81,Rhodesiense 73
TRINITY_DN24112_c0_g1_i3_1_291_1455_rRNA_80,Rhodesiense 63
TRINITY_DN16261_c0_g1_i10_1_1_911_RC_rRNA_81,Rhodesiense 92
TRINITY_DN16261_c0_g1_i7_1_1_911_RC_rRNA_81,Rhodesiense 92
TRINITY_DN16261_c0_g1_i6_1_1_911_RC_rRNA_81,Rhodesiense 92
TRINITY_DN16261_c0_g1_i5_1_1_911_RC_rRNA_81,Rhodesiense 92
TRINITY_DN56768_c0_g1_i1_1_0_1418_RC_rRNA_71,Rhodesiense 43
TRINITY_DN58810_c0_g1_i1_1_0_839_RC_rRNA_73,Rhodesiense 43
TRINITY_DN13670_c0_g1_i4_1_37_1549_RC_rRNA_73,Rhodesiense 9
TRINITY_DN11221_c0_g1_i9_1_21_1650_rRNA_80,Rhodesiense 9
TRINITY_DN655_c0_g1_i4_1_0_960_RC_polyA_74,Rhodesiense 53
TRINITY_DN655_c0_g1_i5_1_0_960_RC_polyA_74,Rhodesiense 53
TRINITY_DN41055_c0_g1_i1_1_0_337_RC_rRNA_71,Rhodesiense 53
TRINITY_DN8732_c0_g1_i4_1_92_1052_RC_rRNA_73,Rhodesiense 53
TRINITY_DN8732_c0_g1_i5_1_82_1390_RC_rRNA_73,Rhodesiense 53
TRINITY_DN18092_c0_g1_i1_1_7_1609_rRNA_80,Rhodesiense 12
TRINITY_DN18092_c0_g1_i1_2_36_1047_RC_rRNA_80,Rhodesiense 12
TRINITY_DN18092_c0_g1_i2_1_7_1246_rRNA_80,Rhodesiense 12
TRINITY_DN18092_c0_g1_i2_2_36_1047_RC_rRNA_80,Rhodesiense 12
TRINITY_DN18329_c0_g1_i1_1_14_1616_rRNA_81,Rhodesiense 12
TRINITY_DN18329_c0_g1_i1_2_43_1054_RC_rRNA_81,Rhodesiense 12
TRINITY_DN2466_c0_g1_i46_1_89_1538_RC_rRNA_71,Rhodesiense 33
TRINITY_DN2466_c0_g1_i28_1_89_1538_RC_rRNA_71,Rhodesiense 33
TRINITY_DN2466_c0_g1_i54_1_89_1538_RC_rRNA_71,Rhodesiense 33
TRINITY_DN2466_c0_g1_i8_1_89_1538_RC_rRNA_71,Rhodesiense 33
TRINITY_DN2466_c0_g1_i4_1_89_1538_RC_rRNA_71,Rhodesiense 33
TRINITY_DN2466_c0_g1_i11_1_89_1538_RC_rRNA_71,Rhodesiense 33
TRINITY_DN2466_c0_g1_i19_1_89_1541_RC_rRNA_71,Rhodesiense 33
TRINITY_DN41490_c0_g1_i1_1_0_932_RC_rRNA_81,Rhodesiense 89
TRINITY_DN12_c0_g1_i20_1_274_1783_CSF_71,Rhodesiense 23
TRINITY_DN12_c0_g1_i6_1_274_1783_CSF_71,Rhodesiense 23
TRINITY_DN12_c0_g1_i4_1_274_1783_CSF_71,Rhodesiense 23
TRINITY_DN11221_c0_g1_i15_1_21_1821_rRNA_80,Rhodesiense 5
TRINITY_DN11221_c0_g1_i3_1_21_1827_rRNA_80,Rhodesiense 5
TRINITY_DN55692_c0_g1_i1_1_104_1094_RC_rRNA_73,Rhodesiense 81
TRINITY_DN2483_c4_g1_i1_1_91_1033_RC_rRNA_80,Rhodesiense 81
TRINITY_DN45883_c0_g1_i1_1_104_1094_RC_rRNA_81,Rhodesiense 81
TRINITY_DN18729_c0_g1_i1_1_1_1028_RC_rRNA_81,Rhodesiense 72
TRINITY_DN29603_c0_g1_i1_1_5_1160_rRNA_80,Rhodesiense 64
TRINITY_DN29603_c0_g1_i2_1_30_1185_rRNA_80,Rhodesiense 64
TRINITY_DN24112_c0_g2_i2_1_1560_3102_rRNA_80,Rhodesiense 15
TRINITY_DN24112_c0_g2_i1_1_1560_3102_rRNA_80,Rhodesiense 15
TRINITY_DN5986_c0_g1_i1_1_13_1555_RC_rRNA_81,Rhodesiense 15
TRINITY_DN5986_c0_g1_i2_1_23_1565_RC_rRNA_81,Rhodesiense 15
TRINITY_DN1549_c0_g1_i1_1_82_1519_RC_rRNA_73,Rhodesiense 40
TRINITY_DN21878_c0_g2_i2_1_48_1533_RC_rRNA_80,Rhodesiense 24
TRINITY_DN21878_c0_g2_i1_1_77_1532_RC_rRNA_80,Rhodesiense 24
TRINITY_DN31073_c0_g1_i1_1_1_893_RC_rRNA_81,Rhodesiense 24
TRINITY_DN10931_c0_g1_i24_1_0_571_RC_rRNA_71,Rhodesiense 97
TRINITY_DN61890_c0_g1_i1_1_59_1265_rRNA_71,Rhodesiense 52
TRINITY_DN9444_c0_g1_i2_1_554_1478_RC_rRNA_73,Rhodesiense 52
TRINITY_DN9444_c0_g1_i4_1_163_1477_RC_rRNA_73,Rhodesiense 52
TRINITY_DN10931_c0_g2_i1_1_40_1492_RC_rRNA_71,Rhodesiense 32
TRINITY_DN50934_c0_g1_i1_1_17_1367_rRNA_71,Rhodesiense 48
TRINITY_DN32012_c0_g1_i1_1_2_901_rRNA_80,Rhodesiense 94
TRINITY_DN3433_c0_g1_i4_1_34_1612_polyA_74,Rhodesiense 2
TRINITY_DN3433_c0_g1_i1_1_34_1612_polyA_74,Rhodesiense 2
TRINITY_DN39544_c0_g1_i1_1_7_1219_rRNA_73,Rhodesiense 2
TRINITY_DN15417_c0_g1_i1_1_678_3123_RC_rRNA_81,Rhodesiense 2
TRINITY_DN3130_c0_g1_i47_1_2970_3927_RC_polyA_74,Rhodesiense 86
TRINITY_DN3130_c0_g1_i26_1_2971_3928_RC_polyA_74,Rhodesiense 86
TRINITY_DN3130_c0_g1_i21_1_2967_3924_RC_polyA_74,Rhodesiense 86
TRINITY_DN3130_c0_g1_i25_1_2970_3927_RC_polyA_74,Rhodesiense 86
TRINITY_DN3130_c0_g1_i4_1_2967_3924_RC_polyA_74,Rhodesiense 86
TRINITY_DN33383_c0_g1_i2_1_13_1048_rRNA_73,Rhodesiense 71
TRINITY_DN33383_c0_g1_i1_1_13_1021_rRNA_73,Rhodesiense 71
TRINITY_DN43771_c0_g1_i1_1_130_922_rRNA_80,Rhodesiense 71
TRINITY_DN8505_c0_g1_i2_1_747_1782_RC_rRNA_81,Rhodesiense 71
TRINITY_DN8505_c0_g1_i4_1_748_1783_RC_rRNA_81,Rhodesiense 71
TRINITY_DN41167_c0_g1_i1_1_1_851_RC_rRNA_71,Rhodesiense 65
TRINITY_DN28563_c0_g1_i2_1_2_1118_RC_rRNA_80,Rhodesiense 65
TRINITY_DN28563_c0_g1_i1_1_2_1121_RC_rRNA_80,Rhodesiense 65
TRINITY_DN3424_c0_g1_i36_1_75_1572_rRNA_71,Rhodesiense 14
TRINITY_DN3424_c0_g1_i39_1_75_1572_rRNA_71,Rhodesiense 14
TRINITY_DN3424_c0_g1_i29_1_75_1074_rRNA_71,Rhodesiense 14
TRINITY_DN3424_c0_g1_i22_1_75_1572_rRNA_71,Rhodesiense 14
TRINITY_DN3424_c0_g1_i18_1_75_1572_rRNA_71,Rhodesiense 14
TRINITY_DN3424_c0_g1_i34_1_75_1572_rRNA_71,Rhodesiense 14
TRINITY_DN3424_c0_g1_i15_1_75_1620_rRNA_71,Rhodesiense 14
TRINITY_DN3424_c0_g1_i4_1_75_1074_rRNA_71,Rhodesiense 14
TRINITY_DN3424_c0_g1_i6_1_75_1572_rRNA_71,Rhodesiense 14
TRINITY_DN3424_c0_g1_i17_1_75_1572_rRNA_71,Rhodesiense 14
TRINITY_DN3424_c1_g1_i1_1_0_1438_RC_rRNA_71,Rhodesiense 39
TRINITY_DN18994_c0_g1_i35_1_12_1440_RC_rRNA_71,Rhodesiense 41
TRINITY_DN18994_c0_g1_i7_1_12_1440_RC_rRNA_71,Rhodesiense 41
TRINITY_DN18994_c0_g1_i14_1_12_1440_RC_rRNA_71,Rhodesiense 41
TRINITY_DN18994_c0_g1_i78_1_12_1440_RC_rRNA_71,Rhodesiense 41
TRINITY_DN18994_c0_g1_i56_1_12_1440_RC_rRNA_71,Rhodesiense 41
TRINITY_DN21878_c1_g1_i1_1_205_1534_rRNA_80,Rhodesiense 25
TRINITY_DN21878_c1_g1_i2_1_205_1534_rRNA_80,Rhodesiense 25
TRINITY_DN21878_c1_g1_i3_1_205_1687_rRNA_80,Rhodesiense 25
TRINITY_DN39901_c0_g1_i1_1_1_173_RC_rRNA_81,Rhodesiense 25
TRINITY_DN4253_c0_g1_i1_1_0_999_RC_CSF_58,Rhodesiense 79
TRINITY_DN27824_c0_g1_i1_1_2_980_RC_rRNA_71,Rhodesiense 79
TRINITY_DN2147_c0_g1_i4_1_889_2191_polyA_74,Rhodesiense 55
TRINITY_DN25080_c0_g1_i1_1_331_1633_rRNA_80,Rhodesiense 55
TRINITY_DN5431_c0_g1_i1_1_995_2297_rRNA_81,Rhodesiense 55
TRINITY_DN54365_c0_g1_i1_1_73_1528_rRNA_80,Rhodesiense 31
TRINITY_DN44695_c0_g1_i1_1_79_1534_rRNA_81,Rhodesiense 31
TRINITY_DN7808_c0_g1_i1_1_75_1410_polyA_74,Rhodesiense 49
TRINITY_DN11295_c0_g1_i1_1_334_1552_RC_rRNA_80,Rhodesiense 49
TRINITY_DN2911_c0_g1_i1_1_28_2269_polyA_74,Rhodesiense 3
TRINITY_DN39740_c0_g1_i4_1_2_1365_RC_rRNA_71,Rhodesiense 46
TRINITY_DN39740_c0_g1_i2_1_2_1365_RC_rRNA_71,Rhodesiense 46
TRINITY_DN6987_c0_g1_i30_1_110_1058_RC_rRNA_81,Rhodesiense 87
TRINITY_DN6987_c0_g1_i7_1_110_1058_RC_rRNA_81,Rhodesiense 87
TRINITY_DN6987_c0_g1_i137_2_110_1058_RC_rRNA_81,Rhodesiense 87
TRINITY_DN6987_c0_g1_i150_2_110_1058_RC_rRNA_81,Rhodesiense 87
TRINITY_DN6987_c0_g1_i16_1_40_967_RC_rRNA_81,Rhodesiense 87
TRINITY_DN6987_c0_g1_i13_1_110_1058_RC_rRNA_81,Rhodesiense 87
TRINITY_DN6987_c0_g1_i133_1_110_1058_RC_rRNA_81,Rhodesiense 87
TRINITY_DN6987_c0_g1_i91_1_110_1058_RC_rRNA_81,Rhodesiense 87
TRINITY_DN6987_c0_g1_i31_1_110_1058_RC_rRNA_81,Rhodesiense 87
TRINITY_DN344_c3_g1_i1_1_58_1093_RC_polyA_74,Rhodesiense 70
TRINITY_DN344_c3_g1_i3_1_58_1084_RC_polyA_74,Rhodesiense 70
TRINITY_DN344_c3_g1_i2_1_58_1093_RC_polyA_74,Rhodesiense 70
TRINITY_DN344_c3_g1_i4_1_58_1084_RC_polyA_74,Rhodesiense 70
TRINITY_DN49824_c0_g1_i1_1_2_1116_RC_rRNA_73,Rhodesiense 66
TRINITY_DN34102_c0_g1_i4_1_252_1692_rRNA_71,Rhodesiense 38
TRINITY_DN1294_c0_g1_i1_1_44_1571_RC_CSF_71,Rhodesiense 17
TRINITY_DN6592_c2_g1_i1_1_5_1480_rRNA_80,Rhodesiense 26
TRINITY_DN33541_c0_g1_i5_1_2_1166_RC_rRNA_81,Rhodesiense 26
TRINITY_DN1017_c0_g1_i2_1_7_1009_CSF_71,Rhodesiense 78
TRINITY_DN4677_c0_g1_i2_1_1_1306_polyA_74,Rhodesiense 54
TRINITY_DN4677_c0_g1_i1_1_1_1306_polyA_74,Rhodesiense 54
TRINITY_DN61567_c0_g1_i1_1_1_925_rRNA_71,Rhodesiense 54
TRINITY_DN25016_c0_g1_i1_1_0_1122_rRNA_80,Rhodesiense 54
TRINITY_DN25739_c0_g1_i1_1_359_1595_RC_rRNA_81,Rhodesiense 54
TRINITY_DN40006_c0_g1_i1_1_84_1539_rRNA_80,Rhodesiense 30
TRINITY_DN41495_c0_g1_i1_1_51_1506_rRNA_81,Rhodesiense 30
TRINITY_DN32851_c1_g1_i1_1_1_718_RC_rRNA_71,Rhodesiense 96
TRINITY_DN21878_c0_g1_i5_1_81_1437_RC_rRNA_80,Rhodesiense 47
TRINITY_DN21878_c0_g1_i3_1_81_1437_RC_rRNA_80,Rhodesiense 47
TRINITY_DN21878_c0_g1_i2_1_385_1438_RC_rRNA_80,Rhodesiense 47
TRINITY_DN21878_c0_g1_i4_1_81_1437_RC_rRNA_80,Rhodesiense 47
TRINITY_DN36614_c0_g1_i4_1_80_1436_RC_rRNA_81,Rhodesiense 47
TRINITY_DN3517_c0_g1_i32_1_717_1690_rRNA_81,Rhodesiense 84
TRINITY_DN3517_c0_g1_i25_1_352_1325_rRNA_81,Rhodesiense 84
TRINITY_DN7593_c0_g1_i4_1_1_1015_rRNA_71,Rhodesiense 77
TRINITY_DN7593_c0_g1_i5_1_1_1015_rRNA_71,Rhodesiense 77
TRINITY_DN627_c0_g1_i4_1_295_1396_RC_polyA_74,Rhodesiense 67
TRINITY_DN63269_c0_g1_i1_1_2_937_RC_rRNA_71,Rhodesiense 67
TRINITY_DN6691_c0_g1_i4_1_317_1418_RC_rRNA_73,Rhodesiense 67
TRINITY_DN6691_c0_g1_i6_1_318_1419_RC_rRNA_73,Rhodesiense 67
TRINITY_DN13560_c0_g1_i4_1_511_1612_rRNA_80,Rhodesiense 67
TRINITY_DN7424_c0_g1_i5_1_251_1352_RC_rRNA_81,Rhodesiense 67
TRINITY_DN11221_c0_g1_i11_1_21_1539_rRNA_80,Rhodesiense 16
TRINITY_DN6779_c0_g1_i2_1_1195_2737_rRNA_81,Rhodesiense 16
TRINITY_DN10931_c0_g1_i4_1_8_1448_RC_rRNA_71,Rhodesiense 37
TRINITY_DN10931_c0_g1_i19_1_8_1448_RC_rRNA_71,Rhodesiense 37
TRINITY_DN10931_c0_g1_i18_1_8_1448_RC_rRNA_71,Rhodesiense 37
TRINITY_DN10931_c0_g1_i20_1_8_1448_RC_rRNA_71,Rhodesiense 37
TRINITY_DN10931_c0_g1_i23_1_8_1133_RC_rRNA_71,Rhodesiense 37
TRINITY_DN46_c0_g1_i2_1_101_1739_RC_rRNA_80,Rhodesiense 8
TRINITY_DN46_c0_g1_i1_1_101_1739_RC_rRNA_80,Rhodesiense 8
TRINITY_DN46_c0_g1_i4_1_101_1739_RC_rRNA_80,Rhodesiense 8
TRINITY_DN46_c0_g1_i5_1_101_1739_RC_rRNA_80,Rhodesiense 8
TRINITY_DN41779_c0_g1_i1_1_283_1921_RC_rRNA_81,Rhodesiense 8
TRINITY_DN6592_c0_g1_i1_1_78_1545_rRNA_80,Rhodesiense 27
TRINITY_DN6592_c0_g1_i2_1_78_1545_rRNA_80,Rhodesiense 27
TRINITY_DN6592_c0_g1_i3_1_78_1545_rRNA_80,Rhodesiense 27
TRINITY_DN6592_c0_g1_i4_1_78_1461_rRNA_80,Rhodesiense 27
TRINITY_DN34856_c0_g1_i3_1_203_1670_rRNA_81,Rhodesiense 27
TRINITY_DN34856_c0_g1_i2_1_203_1670_rRNA_81,Rhodesiense 27
TRINITY_DN34856_c0_g1_i4_1_203_1670_rRNA_81,Rhodesiense 27
TRINITY_DN18926_c0_g1_i1_1_0_1268_RC_rRNA_81,Rhodesiense 57
TRINITY_DN20645_c0_g1_i4_1_136_948_rRNA_71,Rhodesiense 95
TRINITY_DN20645_c0_g1_i5_1_136_948_rRNA_71,Rhodesiense 95
TRINITY_DN3973_c0_g1_i4_1_5_1193_rRNA_81,Rhodesiense 60
TRINITY_DN3973_c0_g1_i2_1_5_1193_rRNA_81,Rhodesiense 60
TRINITY_DN1939_c0_g1_i6_1_136_3343_RC_polyA_74,Rhodesiense 1
TRINITY_DN1939_c0_g1_i4_1_136_2974_RC_polyA_74,Rhodesiense 1
TRINITY_DN31780_c0_g1_i1_1_94_1036_RC_rRNA_73,Rhodesiense 1
TRINITY_DN31322_c0_g1_i1_1_46_1642_rRNA_80,Rhodesiense 1
TRINITY_DN29458_c0_g1_i1_1_51_1647_rRNA_81,Rhodesiense 1
TRINITY_DN27829_c0_g1_i1_1_1_1415_RC_rRNA_80,Rhodesiense 44
TRINITY_DN2656_c0_g1_i1_1_173_1136_RC_polyA_74,Rhodesiense 85
TRINITY_DN41753_c0_g1_i1_1_239_1202_RC_rRNA_71,Rhodesiense 85
TRINITY_DN24316_c0_g1_i6_1_1477_2440_RC_rRNA_73,Rhodesiense 85
TRINITY_DN24316_c0_g1_i4_1_1429_2392_RC_rRNA_73,Rhodesiense 85
TRINITY_DN41004_c0_g1_i1_1_155_1118_RC_rRNA_80,Rhodesiense 85
TRINITY_DN10942_c0_g1_i6_1_2105_3068_RC_rRNA_81,Rhodesiense 85
TRINITY_DN10942_c0_g1_i4_1_2106_3069_RC_rRNA_81,Rhodesiense 85
TRINITY_DN10942_c0_g1_i2_1_2105_3068_RC_rRNA_81,Rhodesiense 85
TRINITY_DN10942_c0_g1_i1_1_2106_3069_RC_rRNA_81,Rhodesiense 85
TRINITY_DN36383_c0_g1_i3_1_295_1537_rRNA_71,Rhodesiense 28
TRINITY_DN36383_c0_g1_i1_1_75_1536_rRNA_71,Rhodesiense 28
TRINITY_DN25317_c0_g1_i4_1_66_1081_rRNA_71,Rhodesiense 76
TRINITY_DN33924_c0_g1_i2_1_207_1290_rRNA_80,Rhodesiense 68
TRINITY_DN49532_c0_g1_i2_1_29_1476_rRNA_80,Rhodesiense 36
TRINITY_DN6592_c1_g2_i1_1_7_1609_RC_rRNA_80,Rhodesiense 11
TRINITY_DN36_c0_g1_i1_1_235_1753_RC_polyA_74,Rhodesiense 20
TRINITY_DN36_c0_g1_i3_1_235_1753_RC_polyA_74,Rhodesiense 20
TRINITY_DN36_c0_g1_i2_1_235_1753_RC_polyA_74,Rhodesiense 20
TRINITY_DN36_c0_g1_i4_1_235_1753_RC_polyA_74,Rhodesiense 20
TRINITY_DN46_c0_g2_i2_1_101_1619_RC_rRNA_80,Rhodesiense 20
TRINITY_DN46_c0_g2_i1_1_101_1619_RC_rRNA_80,Rhodesiense 20
TRINITY_DN811_c0_g2_i1_1_1_1368_RC_rRNA_81,Rhodesiense 20
TRINITY_DN811_c0_g2_i2_1_2_1368_RC_rRNA_81,Rhodesiense 20
TRINITY_DN811_c0_g2_i3_1_0_1368_RC_rRNA_81,Rhodesiense 20
TRINITY_DN811_c0_g2_i4_1_1_1368_RC_rRNA_81,Rhodesiense 20
TRINITY_DN10847_c0_g1_i1_1_186_1467_RC_CSF_58,Rhodesiense 56
TRINITY_DN7994_c0_g1_i1_1_247_1528_RC_CSF_71,Rhodesiense 56
TRINITY_DN1801_c0_g1_i1_1_1682_2963_RC_polyA_74,Rhodesiense 56
TRINITY_DN51088_c0_g1_i1_1_264_1545_RC_rRNA_73,Rhodesiense 56
TRINITY_DN54236_c0_g1_i1_1_1069_2350_rRNA_80,Rhodesiense 56
TRINITY_DN4270_c0_g1_i2_1_1972_3253_RC_rRNA_81,Rhodesiense 56
TRINITY_DN4270_c0_g1_i1_1_1834_3115_RC_rRNA_81,Rhodesiense 56
TRINITY_DN2576_c0_g1_i1_1_0_1782_RC_polyA_74,Rhodesiense 6
TRINITY_DN13670_c0_g1_i1_1_737_2531_RC_rRNA_73,Rhodesiense 6
TRINITY_DN11221_c0_g1_i13_1_21_1545_rRNA_80,Rhodesiense 19
TRINITY_DN6779_c0_g1_i3_1_867_2391_rRNA_81,Rhodesiense 19
TRINITY_DN4432_c0_g1_i1_1_1_980_RC_polyA_74,Rhodesiense 82
TRINITY_DN35674_c0_g1_i1_1_2_966_RC_rRNA_80,Rhodesiense 82
TRINITY_DN4731_c0_g1_i1_1_427_1390_rRNA_81,Rhodesiense 82
TRINITY_DN25368_c0_g1_i1_1_57_968_rRNA_73,Rhodesiense 91
TRINITY_DN7679_c0_g1_i1_1_132_1359_polyA_74,Rhodesiense 59
TRINITY_DN14760_c0_g1_i1_1_198_1380_rRNA_80,Rhodesiense 61
TRINITY_DN7956_c0_g1_i4_1_213_1395_rRNA_81,Rhodesiense 61
TRINITY_DN6592_c0_g2_i1_1_1_931_rRNA_80,Rhodesiense 90
TRINITY_DN46822_c0_g1_i1_1_0_927_rRNA_81,Rhodesiense 90
TRINITY_DN20128_c0_g1_i12_1_8_1400_rRNA_71,Rhodesiense 45
TRINITY_DN16014_c0_g1_i9_1_8_1465_rRNA_71,Rhodesiense 29
TRINITY_DN16014_c0_g1_i4_1_8_1465_rRNA_71,Rhodesiense 29
TRINITY_DN16014_c0_g1_i11_1_6_1049_rRNA_71,Rhodesiense 29
TRINITY_DN4940_c0_g1_i1_1_21_965_CSF_58,Rhodesiense 75
TRINITY_DN4940_c0_g1_i4_1_21_995_CSF_58,Rhodesiense 75
TRINITY_DN25317_c0_g1_i5_1_66_1081_rRNA_71,Rhodesiense 75
TRINITY_DN17350_c0_g1_i1_1_170_1497_rRNA_71,Rhodesiense 51
TRINITY_DN17350_c0_g1_i2_1_408_1498_rRNA_71,Rhodesiense 51
TRINITY_DN17350_c0_g1_i3_1_170_1497_rRNA_71,Rhodesiense 51
TRINITY_DN26698_c0_g1_i1_1_65_1118_RC_rRNA_73,Rhodesiense 69
TRINITY_DN11221_c0_g1_i5_1_21_1644_rRNA_80,Rhodesiense 10
TRINITY_DN6779_c0_g1_i6_1_867_2490_rRNA_81,Rhodesiense 10
TRINITY_DN309_c0_g1_i1_1_249_1698_CSF_71,Rhodesiense 35
